"resourceID","relatedResourceID","relationshipOfResource"
"10c59c74-f080-4745-bca1-caa4c3b12c28","SCBI_014.20140610.AMBAME.N","pathogen of"
"4f7d9c87-35bc-4591-8268-f92ddb38cfd5","SCBI_014.20140610.AMBAME.N","pathogen of"
"9011a3d4-c6b8-4807-815e-6e660ff3f14e","SCBI_014.20140610.IXOSCA.N","pathogen of"
"fa7976fc-30ca-4057-a1e0-8ee078970c33","SCBI_014.20140610.IXOSCA.N","pathogen of"
"7e658202-881f-4193-a48b-ef29e49ea401","SCBI_014.20140610.AMBAME.N","pathogen of"
"4c551bdc-c86d-4fe0-a79a-018068d26411","SCBI_014.20140610.IXOSCA.N","pathogen of"
"d32cc421-46b3-430f-b716-53d78ea81819","SCBI_014.20140610.IXOSCA.N","pathogen of"
"f68c5b77-aa43-42bf-b26a-230f8513bb7a","SCBI_014.20140610.AMBAME.N","pathogen of"
"ba931bb9-db3b-4588-b97f-487b9d1d8635","SCBI_014.20140610.IXOSCA.N","pathogen of"
"51de664f-24d6-494d-9eda-9a69ac2f1eda","SCBI_014.20140610.IXOSCA.N","pathogen of"
"d452f80c-589e-4b36-93fb-ac2037690241","SCBI_014.20140610.IXOSCA.N","pathogen of"
"bc0e19bb-5ee9-4f60-8193-8b7f4fc4f92d","SCBI_014.20140610.AMBAME.N","pathogen of"
"b549244d-ba71-486b-a108-331a313ee15b","SCBI_014.20140610.IXOSCA.N","pathogen of"
"d7f94665-52fe-4e08-8abd-9bf775f01a31","SCBI_014.20140610.AMBAME.N","pathogen of"
"239a61f0-390d-45c8-8dab-18b0f38d8ae9","SCBI_014.20140610.AMBAME.N","pathogen of"
"a635609c-2fd8-4dbf-b1a0-73ce0144c3d9","SCBI_014.20140610.IXOSCA.N","pathogen of"
"4b473c33-4b85-43ed-a75c-65d617b5462f","SCBI_014.20140610.AMBAME.N","pathogen of"
"48b31359-26f2-406d-a531-262eb9bbb70d","SCBI_014.20140610.AMBAME.N","pathogen of"
"f5e5dc02-9e7a-4844-a0cc-99a640dab63e","SCBI_014.20140610.IXOSCA.N","pathogen of"
"5fcc0965-4e84-4eb3-a165-49cbe4627ac7","SCBI_014.20140610.IXOSCA.N","pathogen of"
"b11875e1-2711-42ec-b3b2-bed81d210484","SCBI_014.20140610.IXOSCA.N","pathogen of"
"748991f3-6541-484a-8c6a-1040090e9d86","SCBI_014.20140610.IXOSCA.N","pathogen of"
"acf3f2c0-a811-45b0-a6eb-0f2ba6079709","SCBI_014.20140610.IXOSCA.N","pathogen of"
"dcbebe1c-1cd9-4199-81ce-906dc83e55ef","SCBI_014.20140610.AMBAME.N","pathogen of"
"00354e35-eec8-4a62-8929-1818dcefd24b","SCBI_014.20140610.AMBAME.N","pathogen of"
"231c85cc-7261-45b0-b98b-8ac94ae9c606","SCBI_014.20140610.IXOSCA.N","pathogen of"
"434f27b5-c73e-4bfa-abd6-c1dd2193875f","SCBI_014.20140610.IXOSCA.N","pathogen of"
"b45faeeb-62de-44b5-97d4-56e0a57a60fd","SCBI_014.20140610.AMBAME.N","pathogen of"
"678c2b7b-78a4-4c04-af1f-571bdb2fa053","SCBI_014.20140610.IXOSCA.N","pathogen of"
"a9cc2282-9d7f-4701-8ddf-a3f5cc49ecf0","SCBI_014.20140610.IXOSCA.N","pathogen of"
"55f4990a-1366-4f0f-b786-fe5452c29005","SCBI_014.20140610.AMBAME.N","pathogen of"
"665b88bd-8485-48f2-978b-2a85c613b588","SCBI_014.20140610.AMBAME.N","pathogen of"
"5a7d8d3c-9797-438c-bc60-e0ebddf7ae5d","SCBI_014.20140610.AMBAME.N","pathogen of"
"b3f68383-5da2-459a-b0c4-44780d47d3c2","SCBI_014.20140610.IXOSCA.N","pathogen of"
"ed2ef315-3454-417b-8c9c-1a53cc01d9ff","SCBI_014.20140610.AMBAME.N","pathogen of"
"6133b654-8d15-4e7a-a332-ab9035809633","SCBI_014.20140610.AMBAME.N","pathogen of"
"bea81eec-5c09-44ae-b6d5-54502a2d4421","SCBI_014.20140610.AMBAME.N","pathogen of"
"3cd77aaf-36ca-47ae-9bbc-be24d8397ec3","SCBI_014.20140610.IXOSCA.N","pathogen of"
"fa8e7b26-3e7f-4bae-99fe-fb8aa1897703","SCBI_014.20140610.IXOSCA.N","pathogen of"
"c1e1eb19-d965-443b-80ef-c2204aa02537","SCBI_014.20140610.IXOSCA.N","pathogen of"
"da502af4-934b-466f-9dc8-a71cab524988","SCBI_014.20140610.IXOSCA.N","pathogen of"
"5aa1ca44-612c-48a1-8c2d-0f77ea094b47","SCBI_014.20140610.AMBAME.N","pathogen of"
"c012c290-f8d2-470b-8ce5-cdd597561489","SCBI_014.20140610.IXOSCA.N","pathogen of"
"ceb251ef-b6cf-4d87-a82b-d3f081012513","SCBI_014.20140610.AMBAME.N","pathogen of"
"1729e41a-8be5-44e1-afc7-6f4e2af293fe","SCBI_014.20140610.IXOSCA.N","pathogen of"
"b09e439c-5061-449b-8496-b72a44e9fc47","SCBI_014.20140610.IXOSCA.N","pathogen of"
"b6f30ae0-dcc8-460a-a6a7-8c243b79c276","SCBI_014.20140610.IXOSCA.N","pathogen of"
"9c9925e4-dabd-4bd7-918f-f0cce7539bd2","SCBI_014.20140610.AMBAME.N","pathogen of"
"3a77a9e8-8fc5-4656-98e0-40cb12df296f","SCBI_014.20140610.AMBAME.N","pathogen of"
"57ee2de0-c810-46d8-9e71-15516f81c951","SCBI_014.20140610.IXOSCA.N","pathogen of"
"17e92fe6-0218-4ee5-96a7-b9a9ac400f23","SCBI_014.20140610.IXOSCA.N","pathogen of"
"643bbd11-cf3a-4280-a424-6790bea42041","SCBI_014.20140610.AMBAME.N","pathogen of"
"e0a30ea3-a4e5-422d-9ae9-18e8500e6f47","SCBI_014.20140610.IXOSCA.N","pathogen of"
"957c7098-6e0b-4767-b9a9-5eb867b79624","SCBI_014.20140610.IXOSCA.N","pathogen of"
"ecd27cf7-1efe-4bae-a614-faff0f0de632","SCBI_014.20140610.AMBAME.N","pathogen of"
"a4622cfd-8fa9-4f2c-a1a2-49cafd8e056b","SCBI_014.20140610.IXOSCA.N","pathogen of"
"dff824d5-7684-40a6-a934-5412fbdcf340","SCBI_014.20140610.IXOSCA.N","pathogen of"
"eb38bfb7-adef-49d0-8e79-02d4b8153d45","SCBI_014.20140610.AMBAME.N","pathogen of"
"6078b4de-fbe6-4018-9c7c-abdcdc808c42","SCBI_014.20140610.AMBAME.N","pathogen of"
"2218fdf0-5c7c-4524-b1f7-c5805eaf9140","SCBI_014.20140610.IXOSCA.N","pathogen of"
"fa8b4358-78ed-48b9-b40f-8a740721891b","SCBI_014.20140610.IXOSCA.N","pathogen of"
"7a9fdfec-6abc-49c6-9522-face0a697e09","SCBI_014.20140610.AMBAME.N","pathogen of"
"4d63a951-f0ad-4212-8119-5c259a941a4e","SCBI_014.20140610.IXOSCA.N","pathogen of"
"8b69fcc3-c986-470a-b7ec-544cc076747e","SCBI_014.20140610.AMBAME.N","pathogen of"
"97c723cc-d3ef-49ae-8bc2-62dfe13b6aa2","SCBI_014.20140610.IXOSCA.N","pathogen of"
"873eadac-63ba-4927-8f00-5d75759d150d","SCBI_014.20140610.IXOSCA.N","pathogen of"
"f7ae3a07-cfec-4713-bdc3-326bc340e585","SCBI_014.20140610.AMBAME.N","pathogen of"
"2cbfd163-2af6-48aa-afba-57689f91d2b3","SCBI_014.20140610.AMBAME.N","pathogen of"
"8867800d-fe04-4e5f-87d2-dafe9c846971","SCBI_014.20140610.IXOSCA.N","pathogen of"
"3df7a190-f229-4f0a-99a2-42351f04f6a8","SCBI_014.20140610.AMBAME.N","pathogen of"
"ad524506-1e1b-4f23-b9e5-ae4a81f39c34","SCBI_014.20140610.AMBAME.N","pathogen of"
"ca6990b6-8495-406f-8603-cb0b574a2006","SCBI_014.20140610.AMBAME.N","pathogen of"
"e0434323-c8ea-4258-9ec8-21162a4a173a","SCBI_014.20140610.AMBAME.N","pathogen of"
"21ec2773-7471-4954-aadf-caccae543c6b","SCBI_014.20140610.AMBAME.N","pathogen of"
"105e5c33-d712-4109-b210-7c701dba4c69","SCBI_014.20140610.IXOSCA.N","pathogen of"
"ee94d3f2-5ec5-4fc7-869e-cd56b79b54da","SCBI_014.20140610.IXOSCA.N","pathogen of"
"a846a6c6-ba5f-4112-94c0-34e4a8cd60a1","SCBI_014.20140610.AMBAME.N","pathogen of"
"68a35c0d-269a-4ae3-8c50-dd8f0a097947","SCBI_014.20140610.IXOSCA.N","pathogen of"
"45f688a2-1c63-4994-9da8-5130594dba4d","SCBI_014.20140610.IXOSCA.N","pathogen of"
"fa6c6087-fd33-4279-a4ab-43794a298f9b","SCBI_014.20140610.AMBAME.N","pathogen of"
"6f1fe151-e558-43be-89b0-4dcf00166eca","SCBI_014.20140610.IXOSCA.N","pathogen of"
"5ee91a3a-9c98-4c73-832a-41629623e504","SCBI_014.20140610.IXOSCA.N","pathogen of"
"fee681ad-12c9-45d2-a2fe-c636863da963","SCBI_014.20140610.AMBAME.N","pathogen of"
"3f8dd577-6350-436b-b506-ac8f492fc4ba","SCBI_014.20140610.IXOSCA.N","pathogen of"
"de505641-1a31-4596-9aa3-6deaac69263d","SCBI_014.20140610.AMBAME.N","pathogen of"
"b807f80d-b3c3-4382-b51b-8418b85cf532","SCBI_014.20140610.AMBAME.N","pathogen of"
"4ee72cfa-70c0-4232-b950-00d0a2b118e6","SCBI_014.20140610.IXOSCA.N","pathogen of"
"df6fd60b-c009-433d-8311-cc281557fc92","SCBI_014.20140610.IXOSCA.N","pathogen of"
"b04c985a-9309-4e61-86ba-4eb5db4a4614","SCBI_014.20140610.IXOSCA.N","pathogen of"
"a626e6d7-c6d3-40b6-a8dd-4c9e1c9ed7b2","SCBI_014.20140610.IXOSCA.N","pathogen of"
"84b0c7e9-9e8a-4fca-b2eb-95210b5b577a","SCBI_014.20140610.IXOSCA.N","pathogen of"
"918f22fe-3f76-46d3-a919-bb379d627e9b","SCBI_014.20140610.IXOSCA.N","pathogen of"
"1b8e4249-797e-418f-b5e0-5a7e10850530","SCBI_014.20140610.IXOSCA.N","pathogen of"
"40fd1054-f977-40a9-9387-e7b7ff73b446","SCBI_014.20140610.AMBAME.N","pathogen of"
"a8203d1a-24da-4906-ad20-74b93ccb4e18","SCBI_014.20140610.AMBAME.N","pathogen of"
"eede9c46-79c1-4936-9c31-ee54f9bcb4d0","SCBI_014.20140610.AMBAME.N","pathogen of"
"1117f5ab-ec50-4fea-a151-601cdaff2850","SCBI_014.20140610.IXOSCA.N","pathogen of"
"c981ace0-5aba-4aab-a46e-4746e9eb6ae8","SCBI_014.20140610.AMBAME.N","pathogen of"
"9e699b38-7347-42d8-b319-ec46ae9fd06b","SCBI_014.20140610.AMBAME.N","pathogen of"
"4fb2775a-ff98-489e-947e-4f616d1495e8","SCBI_014.20140610.IXOSCA.N","pathogen of"
"9b8693fa-22c7-440e-a3f8-e2ea09768ad7","SCBI_014.20140610.AMBAME.N","pathogen of"
"1f48a98d-f5cf-4a99-8949-be7945636177","SCBI_014.20140610.AMBAME.N","pathogen of"
"324b00f2-b7ee-4f4d-8501-6cb96617b940","SCBI_014.20140610.IXOSCA.N","pathogen of"
"084607eb-2358-49c3-9e87-95c4e2ce30ca","SCBI_014.20140610.AMBAME.N","pathogen of"
"9ea255b9-e0c1-47ec-8690-17634321ab19","SCBI_014.20140610.AMBAME.N","pathogen of"
"9a1a8a39-1cad-41a7-a5e0-d45be2472da0","SCBI_014.20140610.IXOSCA.N","pathogen of"
"941f6e23-0d6a-4790-a482-7089bd7f6b6e","SCBI_014.20140610.IXOSCA.N","pathogen of"
"b38d7d60-6d6b-4b1f-9c6e-40baea86538c","SCBI_014.20140610.IXOSCA.N","pathogen of"
"2592836b-95aa-473a-8fa1-06bc94c7b172","SCBI_014.20140610.IXOSCA.N","pathogen of"
"3f590092-4f59-4682-9604-bab049c11a32","SCBI_014.20140610.AMBAME.N","pathogen of"
"c569bba0-645c-4286-9973-e8aa04ccc9a2","SCBI_014.20140610.AMBAME.N","pathogen of"
"0fa6098f-9c75-40ff-9245-2b8f01ff4c43","SCBI_014.20140610.IXOSCA.N","pathogen of"
"33b82a44-e73c-4ff2-9ba3-799c2660851e","SCBI_014.20140610.IXOSCA.N","pathogen of"
"7ee09ca1-fd82-4cb9-810a-c06eeb38aad6","SCBI_014.20140610.IXOSCA.N","pathogen of"
"5c6d8bfc-2487-4924-bcf5-6acfc664e172","SCBI_014.20140610.AMBAME.N","pathogen of"
"02573db8-fb1e-4a45-8701-1e82659696b9","SCBI_014.20140610.IXOSCA.N","pathogen of"
"776253f6-4d7d-453a-bfcb-25c59564ac85","SCBI_014.20140610.IXOSCA.N","pathogen of"
"ccf3a761-a664-42f9-9319-8a200225b375","SCBI_014.20140610.IXOSCA.N","pathogen of"
"05b5a55f-8321-415e-b7ca-fd980bbde734","SCBI_014.20140610.IXOSCA.N","pathogen of"
"462ae3a8-baba-4fb5-b89c-f2dcbb90aa82","SCBI_014.20140610.AMBAME.N","pathogen of"
"428a99b1-7259-4afb-971c-0b3632388478","SCBI_014.20140610.AMBAME.N","pathogen of"
"24e5b1e9-ad7d-4dc3-9fcc-1d6ed45183ff","SCBI_014.20140610.IXOSCA.N","pathogen of"
"fcfcbf2d-069d-4a79-98ad-2b6f1205638b","SCBI_014.20140610.IXOSCA.N","pathogen of"
"ea7ea3e2-bde2-4ab6-816c-db3ecd13950f","SCBI_014.20140610.IXOSCA.N","pathogen of"
"1ebb85f7-188e-48e2-8d2a-463f2b2c56f4","SCBI_014.20140610.AMBAME.N","pathogen of"
"89fc802b-ab85-4336-931a-b90e409d0ffa","SCBI_014.20140610.AMBAME.N","pathogen of"
"fb8d8c54-70d2-4a11-af25-475113dba897","SCBI_014.20140610.IXOSCA.N","pathogen of"
"e52de40c-d5bd-4d92-bfd0-d71dfb95ba9e","SCBI_014.20140610.IXOSCA.N","pathogen of"
"59fac936-c7bc-4703-9ca1-0b0d0cb48bb6","SCBI_014.20140610.IXOSCA.N","pathogen of"
"83177690-b165-4142-8a84-de9f230bc3fa","SCBI_014.20140610.AMBAME.N","pathogen of"
"7959a9a8-8476-46d0-b82f-1405628f06fa","SCBI_014.20140610.IXOSCA.N","pathogen of"
"0afb99ea-b9a7-42a6-9ca6-efe5b35018c2","SCBI_014.20140610.AMBAME.N","pathogen of"
"47560f23-203e-451b-9d08-d280e50caba0","SCBI_014.20140610.IXOSCA.N","pathogen of"
"f853f61d-5fbc-4eec-aa27-182cbdbb0191","SCBI_014.20140610.IXOSCA.N","pathogen of"
"4d3b6c74-4245-4c9a-8bab-e41597727191","SCBI_014.20140610.AMBAME.N","pathogen of"
"5d273d97-17f9-42d5-a8cc-77eaaa15feff","SCBI_014.20140610.IXOSCA.N","pathogen of"
"6bea7754-c5e3-481f-9407-28f6a6240efc","SCBI_014.20140610.IXOSCA.N","pathogen of"
"dd24f9d1-0b44-40d9-94c5-39555c7a9451","SCBI_014.20140610.AMBAME.N","pathogen of"
"8186837c-8376-45de-970a-07cb2b28afc4","SCBI_014.20140610.IXOSCA.N","pathogen of"
"b2ea88da-58aa-4d00-827e-f582dc597d17","SCBI_014.20140610.IXOSCA.N","pathogen of"
"3e35d53c-4b83-44fe-9d15-85cc8a2646f1","SCBI_014.20140610.AMBAME.N","pathogen of"
"81cc437a-8bb1-470b-b757-ba7337debea9","SCBI_014.20140610.IXOSCA.N","pathogen of"
"4e10696d-f219-4809-9bb8-cd6e9b695a07","SCBI_014.20140610.IXOSCA.N","pathogen of"
"ad9c9cd7-7bb0-42f3-8c4e-aec6018ad1df","SCBI_014.20140610.AMBAME.N","pathogen of"
"ca0d7bbf-e57f-4f71-889e-e5d7189fec6d","SCBI_014.20140610.AMBAME.N","pathogen of"
"7874571e-1f8f-41e6-b78d-35c84dab02d3","SCBI_014.20140610.AMBAME.N","pathogen of"
"a9edadba-994c-4b59-a468-160e1be59f79","SCBI_014.20140610.AMBAME.N","pathogen of"
"abdd945e-3bf0-45af-89f7-be8f23feb23a","SCBI_014.20140610.IXOSCA.N","pathogen of"
"b741db3f-877e-4a3a-ad20-8361e29c8563","SCBI_014.20140610.IXOSCA.N","pathogen of"
"7b2712ff-4184-423f-a4cf-02d1d48d5f72","SCBI_014.20140610.IXOSCA.N","pathogen of"
"d9909b42-278d-4a2d-ba04-a609b46e7a0d","SCBI_014.20140610.AMBAME.N","pathogen of"
"b1f8644d-e911-4276-bb8c-9712fda1af99","SCBI_014.20140610.IXOSCA.N","pathogen of"
"ec63264a-eea1-4a13-9b80-2a120fea228a","SCBI_014.20140610.AMBAME.N","pathogen of"
"0da0fea9-eda2-4039-a55f-fcdcc6dc8cc1","SCBI_014.20140610.IXOSCA.N","pathogen of"
"a60d2093-c7bc-4261-a2e4-1d51b78a154c","SCBI_014.20140610.IXOSCA.N","pathogen of"
"d3886f39-aaa8-4135-8c4a-d9f4f69177e2","SCBI_014.20140610.IXOSCA.N","pathogen of"
"90dc3a88-6381-4275-8a05-b6257e7f182f","SCBI_014.20140610.IXOSCA.N","pathogen of"
"d5aad807-af24-4110-9d3f-096fef1bcf8b","SCBI_014.20140610.IXOSCA.N","pathogen of"
"b4906263-e970-4179-82b0-7e5629361b9e","SCBI_014.20140610.IXOSCA.N","pathogen of"
"1ddf5f0b-c977-462b-8483-ed74e0f41a0d","SCBI_014.20140610.IXOSCA.N","pathogen of"
"a216e6d9-a86e-4ea4-b780-9bb5c818018b","SCBI_014.20140610.IXOSCA.N","pathogen of"
"93080945-93a9-4304-aa24-91de43733828","SCBI_014.20140610.AMBAME.N","pathogen of"
"1cfdf8e1-0796-4088-9009-2a2624363fd3","SCBI_014.20140610.IXOSCA.N","pathogen of"
"9851a5ee-7287-4c15-a04d-3d654461ad2e","SCBI_014.20140610.AMBAME.N","pathogen of"
"c7b314ed-76d8-4c0b-a800-cb5f672d2ed2","SCBI_014.20140610.AMBAME.N","pathogen of"
"b69f9072-dca1-4954-b373-576c1b64d659","SCBI_014.20140610.AMBAME.N","pathogen of"
"7a4a7077-8508-4876-9dda-a50cb753942e","SCBI_014.20140610.IXOSCA.N","pathogen of"
"aff1daba-1223-491d-bc9b-cfaa801e7abb","SCBI_014.20140610.IXOSCA.N","pathogen of"
"1dbf8dc3-9b79-4cf7-a9be-050e2a85a87c","SCBI_014.20140610.IXOSCA.N","pathogen of"
"462b458a-cddf-403e-90f2-cfbcdfbc6b30","SCBI_014.20140610.IXOSCA.N","pathogen of"
"7058736e-701a-4125-9805-716bd4517bb3","SCBI_014.20140610.AMBAME.N","pathogen of"
"1c3d8f66-6879-45c5-aa8e-ca2f1e80105b","SCBI_014.20140610.IXOSCA.N","pathogen of"
"97b1dc5a-90f1-4db0-b25b-f6ba661ac9b5","SCBI_014.20140610.IXOSCA.N","pathogen of"
"18d5a978-2248-4b8c-809a-0363f3e62d6e","SCBI_014.20140610.AMBAME.N","pathogen of"
"5343fc09-6f79-44a1-83e8-385fe52eef07","SCBI_014.20140610.IXOSCA.N","pathogen of"
"117c1cb6-c37c-4163-a222-afdfc732990b","SCBI_014.20140610.IXOSCA.N","pathogen of"
"d6e9144c-a7d4-491a-bd20-fc5a05fe6138","SCBI_014.20140610.AMBAME.N","pathogen of"
"17bf2e6a-d769-4620-8dff-a56c51dca516","SCBI_014.20140610.IXOSCA.N","pathogen of"
"e5b606d1-12f3-4e3a-89fa-fd76e90613ed","SCBI_014.20140610.IXOSCA.N","pathogen of"
"8d38cbb0-d0fb-49a7-84b4-56bb264a8cfa","SCBI_014.20140610.IXOSCA.N","pathogen of"
"0e987294-5afd-4098-91e9-e42e708fede5","SCBI_014.20140610.AMBAME.N","pathogen of"
"f6ddc177-db86-4b6d-b2ab-489861445f04","SCBI_014.20140610.IXOSCA.N","pathogen of"
"e3d1756a-f399-4e4a-816b-af66765a7c44","SCBI_014.20140610.IXOSCA.N","pathogen of"
"b73086d0-1def-40bf-ade8-e664d56658bb","SCBI_014.20140610.AMBAME.N","pathogen of"
"d2b0a61a-55b9-4237-8a25-05d733d8ecb3","SCBI_014.20140610.AMBAME.N","pathogen of"
"a9e99a31-1850-48f4-ae26-aa027fcf6dae","SCBI_014.20140610.IXOSCA.N","pathogen of"
"114a7b86-b105-4b86-9012-e750c5efc015","SCBI_014.20140610.IXOSCA.N","pathogen of"
"c9f2c5b8-3844-40f2-b498-1f5ad6473c15","SCBI_014.20140610.AMBAME.N","pathogen of"
"a4f00473-2239-4f28-a829-ca67f97e71f7","SCBI_014.20140610.AMBAME.N","pathogen of"
"f859fb05-d67e-4cec-8e96-cfcee042c1f9","SCBI_014.20140610.AMBAME.N","pathogen of"
"d4dd4166-38d0-4c1f-9abf-e934e3949506","SCBI_014.20140610.IXOSCA.N","pathogen of"
"f505704e-7f6e-4a7b-80ed-1626cb9e7398","SCBI_014.20140610.IXOSCA.N","pathogen of"
"b9b9ae44-7705-44d6-be9b-41bf541bce34","SCBI_014.20140610.IXOSCA.N","pathogen of"
"7499c774-9a1d-4f4c-a04d-a8745968e280","SCBI_014.20140610.IXOSCA.N","pathogen of"
"a56b4e17-f311-4c53-af6b-19964e4e6531","SCBI_014.20140610.IXOSCA.N","pathogen of"
"8cb2665f-bdc3-4752-9d64-36a61e504535","SCBI_014.20140610.IXOSCA.N","pathogen of"
"5a39d48f-3dd8-42a3-9624-4b2f966c24ce","SCBI_014.20140610.AMBAME.N","pathogen of"
"86eae730-b860-4b5c-9a61-7650986ab19a","SCBI_014.20140610.IXOSCA.N","pathogen of"
"a78f5bd5-74c1-4d19-9633-930e0e23253c","SCBI_014.20140610.AMBAME.N","pathogen of"
"cc64b52a-f857-4d87-82a1-c867c90e3b33","SCBI_014.20140610.IXOSCA.N","pathogen of"
"fb79278e-4053-4e63-baac-962ff5fd7f2b","SCBI_014.20140610.IXOSCA.N","pathogen of"
"674280cb-f94a-4b76-a850-508280065c98","SCBI_014.20140610.IXOSCA.N","pathogen of"
"0c9a26da-2199-4fa5-b5dc-9c6bc8a830cd","SCBI_014.20140610.AMBAME.N","pathogen of"
"c1582956-5060-44f3-a732-f60cd1f39d53","SCBI_014.20140610.IXOSCA.N","pathogen of"
"16cf56ba-3830-410e-a529-0c789969a095","SCBI_014.20140610.AMBAME.N","pathogen of"
"0926c32d-dc3b-41e5-9d68-3f06791d464b","SCBI_014.20140610.IXOSCA.N","pathogen of"
"3f31fd45-d631-46cd-a563-734aa8a58b40","SCBI_014.20140610.IXOSCA.N","pathogen of"
"538fa84f-83a8-4814-b1de-b6e70ba644d7","SCBI_014.20140610.AMBAME.N","pathogen of"
"e3d3f376-3cab-428f-b76a-f9945f24e78e","SCBI_014.20140610.IXOSCA.N","pathogen of"
"0527763f-2eb2-4ccc-9312-08b6002bc94c","SCBI_014.20140610.IXOSCA.N","pathogen of"
"581ca1c9-e341-4f6b-92f7-be1b2f42bda1","SCBI_014.20140610.IXOSCA.N","pathogen of"
"c600d5d2-3d36-44d0-b77d-20c14f0678b4","SCBI_014.20140610.AMBAME.N","pathogen of"
"ee20e50d-fb36-4258-92b5-f05a25d7df70","SCBI_014.20140610.AMBAME.N","pathogen of"
"c629eb91-1ea4-4bd9-a8b7-a72220ad4665","SCBI_014.20140610.AMBAME.N","pathogen of"
"f00c993b-88f0-4ca6-8b03-f74484154fd0","SCBI_014.20140610.IXOSCA.N","pathogen of"
"92ff110c-76a4-44d9-bbce-35d1f5e096a0","SCBI_014.20140610.IXOSCA.N","pathogen of"
"51e0371f-a288-4b20-b1e8-7561043a86f5","SCBI_014.20140610.AMBAME.N","pathogen of"
"e95f90e4-b8f5-4467-9c14-3bcdf399fe26","SCBI_014.20140610.AMBAME.N","pathogen of"
"c969f5ef-f6fe-4de6-abfc-5f16cb27925a","SCBI_014.20140610.AMBAME.N","pathogen of"
"5a43dc00-6ec1-4548-8b4e-6083d5d2683f","SCBI_014.20140610.IXOSCA.N","pathogen of"
"da31c772-b3f9-450e-bde5-27a4fe1aeb97","SCBI_014.20140610.IXOSCA.N","pathogen of"
"1ae3fbb2-f024-46ac-bfe5-0de216e3a1df","SCBI_014.20140610.IXOSCA.N","pathogen of"
"914c4ca9-52e1-446b-aba1-20cace1802c5","SCBI_014.20140610.AMBAME.N","pathogen of"
"2eda695a-2267-48b3-a845-b97d2562f166","SCBI_014.20140610.IXOSCA.N","pathogen of"
"8b4aa6d8-ab9d-4717-b33a-b3924c344d72","SCBI_014.20140610.IXOSCA.N","pathogen of"
"14e30ee5-6ea5-47f8-bafd-49781cdf194e","SCBI_014.20140610.IXOSCA.N","pathogen of"
"25111d58-eca3-486a-8db7-dfeaed225ae3","SCBI_014.20140610.IXOSCA.N","pathogen of"
"87b92283-650f-4d92-b4db-a9d5718d7b37","SCBI_014.20140610.AMBAME.N","pathogen of"
"c79c22d5-9418-4e0d-88ff-64ea04eec2d3","SCBI_014.20140610.AMBAME.N","pathogen of"
"3e9204c9-454a-40b5-b0b6-057b6d5e8e1c","SCBI_014.20140610.AMBAME.N","pathogen of"
"90121def-adf3-4cb8-a307-82ab09b60c8d","SCBI_014.20140610.AMBAME.N","pathogen of"
"8d94d040-2589-4c08-af28-62e8c38e534c","SCBI_014.20140610.IXOSCA.N","pathogen of"
"9876b5a9-a8e0-4301-8e9b-035be7110063","SCBI_014.20140610.IXOSCA.N","pathogen of"
"8de3e592-fbbe-4672-9ad3-2b3e37ce31e7","SCBI_014.20140610.IXOSCA.N","pathogen of"
"bdc0c233-3b3c-47e4-9cd2-a33bf7f86bfc","SCBI_014.20140610.IXOSCA.N","pathogen of"
"d1aa9e76-6636-4554-aede-1f8d22de410a","SCBI_014.20140610.AMBAME.N","pathogen of"
"24d4ae2b-ae2c-411c-a055-156f15d5e222","SCBI_014.20140610.AMBAME.N","pathogen of"
"93e99700-140e-48bf-8833-36d1b41923b9","SCBI_014.20140610.IXOSCA.N","pathogen of"
"e931d70e-a5b0-4b25-83e6-013f1d29076f","SCBI_014.20140610.AMBAME.N","pathogen of"
"bd85feaf-cfd4-4a57-962f-705f9d55bcf0","SCBI_014.20140610.IXOSCA.N","pathogen of"
"1d94ed35-d99d-4af8-9adf-09599c1f221d","SCBI_014.20140610.IXOSCA.N","pathogen of"
"3deac9c5-9905-41ea-af63-047535349586","SCBI_014.20140610.IXOSCA.N","pathogen of"
"febba23e-3bd2-4c42-9165-4ca2ae208ff6","SCBI_014.20140610.AMBAME.N","pathogen of"
"94bda035-5249-4b29-922a-020fba2dd28c","SCBI_014.20140610.IXOSCA.N","pathogen of"
"49b92bd9-4e2e-4285-88b7-341fc2c2c162","SCBI_014.20140610.AMBAME.N","pathogen of"
"447c94a0-29e1-4c74-a6be-91c42306a9cd","SCBI_014.20140610.AMBAME.N","pathogen of"
"22d82bad-10d6-4988-ae19-98d31adb73ce","SCBI_014.20140610.IXOSCA.N","pathogen of"
"078741de-d93e-4584-a001-018e8094c6e8","SCBI_014.20140610.IXOSCA.N","pathogen of"
"f4c11d58-8a36-4263-a5c7-08b7bf96dc27","SCBI_014.20140610.AMBAME.N","pathogen of"
"1514264a-cc62-4aec-a24a-837c4675e1aa","SCBI_014.20140610.IXOSCA.N","pathogen of"
"209557fd-a3bd-42a7-8405-7f533d1eb04a","SCBI_014.20140610.IXOSCA.N","pathogen of"
"5e20d0ee-fd45-4634-8e7a-53a8aeade706","SCBI_014.20140610.IXOSCA.N","pathogen of"
"a2c16e89-cd4d-45f4-b659-0c42c6d6a589","SCBI_014.20140610.AMBAME.N","pathogen of"
"abe4520a-5af8-4e0c-9505-af2c3bddae17","SCBI_014.20140610.IXOSCA.N","pathogen of"
"b152b98d-bc66-4feb-a8b1-4c7fae3e1d59","SCBI_014.20140610.IXOSCA.N","pathogen of"
"01bbcf91-01c6-490e-8543-454775b4dbf0","SCBI_014.20140610.AMBAME.N","pathogen of"
"e943e002-73c6-4da2-ba98-7321f1ce773b","SCBI_014.20140610.AMBAME.N","pathogen of"
"a9626647-841c-4e52-bbab-7edf9426065b","SCBI_014.20140610.AMBAME.N","pathogen of"
"efcc74ba-35e3-4f3e-ac5c-05a385ccd005","SCBI_014.20140610.IXOSCA.N","pathogen of"
"893699ac-e580-4584-aaa0-bf86791d7296","SCBI_014.20140610.IXOSCA.N","pathogen of"
"e14b24e9-887f-437f-b49d-2886c8fe8cca","SCBI_014.20140610.IXOSCA.N","pathogen of"
"8880bd8b-3659-4380-81d6-b86870e4e7a4","SCBI_014.20140610.AMBAME.N","pathogen of"
"ec0a721e-113d-4364-8c0c-04658a941191","SCBI_014.20140610.IXOSCA.N","pathogen of"
"f8b6d79b-62de-4d62-89c3-53a668b442fa","SCBI_014.20140610.AMBAME.N","pathogen of"
"3e18b7f3-7379-4d5c-8abd-79dfc759cb9d","SCBI_014.20140610.AMBAME.N","pathogen of"
"171486d5-c62a-439d-8044-27b4cc074f4f","SCBI_014.20140610.IXOSCA.N","pathogen of"
"20a16560-8ceb-4db3-9e7c-a6b9d537cd37","SCBI_014.20140610.IXOSCA.N","pathogen of"
"c6e9a44f-883b-4547-a1f6-3bc5be1cbf24","SCBI_014.20140610.AMBAME.N","pathogen of"
"f69e7d6f-ceb3-4bfa-9608-3ea2d1a4e2d8","SCBI_014.20140610.IXOSCA.N","pathogen of"
"8a043f81-58fa-42f4-80bb-6a37862d9c6b","SCBI_014.20140610.AMBAME.N","pathogen of"
"665c2df3-1257-4a00-8126-df48c95d1b32","SCBI_014.20140610.IXOSCA.N","pathogen of"
"3e4c39ae-413c-405d-bf53-53fb5fd6f95b","SCBI_014.20140610.AMBAME.N","pathogen of"
"ac4e74b5-bd95-45ab-8454-263630fd1856","SCBI_014.20140610.AMBAME.N","pathogen of"
"605a941a-71f7-40a9-bed1-d96077b1a122","SCBI_014.20140610.IXOSCA.N","pathogen of"
"b65654c6-4076-4f00-bcc2-ea6f232d7540","SCBI_014.20140610.AMBAME.N","pathogen of"
"81f8f3ce-3a6f-4a1a-aede-2ac6c4a0eef6","SCBI_014.20140610.AMBAME.N","pathogen of"
"7b3fba68-8c59-40db-aea0-296c2421c2c8","SCBI_014.20140610.IXOSCA.N","pathogen of"
"8984eda0-1eaa-4bb0-bab6-c76a0edf8247","SCBI_014.20140610.IXOSCA.N","pathogen of"
"250f6631-bc0e-4ca5-a160-b24de07cb124","SCBI_014.20140610.AMBAME.N","pathogen of"
"f8d0dbf5-c6b2-40a7-a0ed-e82546d362e4","SCBI_014.20140610.IXOSCA.N","pathogen of"
"8d36e363-9667-43bc-97cd-e91fa5d2cff4","SCBI_014.20140610.AMBAME.N","pathogen of"
"07ea18fa-7410-4924-8683-5eb9b7dbfc92","SCBI_014.20140610.AMBAME.N","pathogen of"
"cb036b93-1ec6-47b9-8bd0-54d562cf0fab","SCBI_014.20140610.AMBAME.N","pathogen of"
"68092124-9501-4d48-b5a5-6d32fee13f0a","SCBI_014.20140610.AMBAME.N","pathogen of"
"29c04fd9-65c1-4f72-a229-d035d2aa1b95","SCBI_014.20140610.AMBAME.N","pathogen of"
"2f015f82-e4a2-484a-8919-c2ac65205bc1","SCBI_014.20140610.IXOSCA.N","pathogen of"
"601ab437-ec5c-4532-80ec-d65964c79e57","SCBI_014.20140610.AMBAME.N","pathogen of"
"179f2f81-cf39-45f0-9bd9-959826ec7e15","SCBI_014.20140610.AMBAME.N","pathogen of"
"a0ebc3ac-11a2-4fa8-9f21-03142e2eb5f5","SCBI_014.20140610.AMBAME.N","pathogen of"
"92661c7d-46b4-423b-8eea-7127f67387a0","SCBI_014.20140610.IXOSCA.N","pathogen of"
"a1d781b8-586d-4960-8367-5dc6e732b44c","SCBI_014.20140610.IXOSCA.N","pathogen of"
"a93a561a-5334-459b-b484-22041851cb04","SCBI_014.20140610.IXOSCA.N","pathogen of"
"74ecda0e-2e40-45a8-b07c-644eb7264db9","SCBI_014.20140610.IXOSCA.N","pathogen of"
"288f121f-3491-46b6-a896-918c393e8554","SCBI_014.20140610.AMBAME.N","pathogen of"
"ae238d30-cfe5-430c-b10d-e43321d727f8","SCBI_014.20140610.IXOSCA.N","pathogen of"
"19b11bce-9e44-4ce4-87ea-d98573dc9435","SCBI_014.20140610.AMBAME.N","pathogen of"
"d33d8ad1-788a-4d32-b933-d301a9be5d5f","SCBI_014.20140610.IXOSCA.N","pathogen of"
"9b0709ab-9234-4f45-835c-dfa55dae8665","SCBI_014.20140610.IXOSCA.N","pathogen of"
"65838c78-b42c-4b3b-b49c-54303d9db7a0","SCBI_014.20140610.IXOSCA.N","pathogen of"
"dee6f8ae-b5cb-4a8a-b134-87f11016e2d2","SCBI_014.20140610.IXOSCA.N","pathogen of"
"92585796-f9e3-406f-83f5-0039ca123c18","SCBI_014.20140610.AMBAME.N","pathogen of"
"93662157-1b4a-4bbb-add7-5d80fbbc091f","SCBI_014.20140610.AMBAME.N","pathogen of"
"994ef47a-fe74-4f5f-89fd-2e936febf16f","SCBI_014.20140610.IXOSCA.N","pathogen of"
"d8e3caeb-c7e5-456a-94e1-116b0d401962","SCBI_014.20140610.AMBAME.N","pathogen of"
"8a5282e7-9f21-49ae-a6c1-4a8d853e7186","SCBI_014.20140610.IXOSCA.N","pathogen of"
"f813bff2-924d-4179-a58e-baea4d9367df","SCBI_014.20140610.AMBAME.N","pathogen of"
"4e689190-1312-445d-8093-23f2e4bd7b6b","SCBI_014.20140610.IXOSCA.N","pathogen of"
"333b66db-0320-4116-8f06-eb3bb74b9a9d","SCBI_014.20140610.AMBAME.N","pathogen of"
"45fd2202-c804-468e-9cff-e1a69241c75f","SCBI_014.20140610.IXOSCA.N","pathogen of"
"f9d4bfe1-ef13-4163-bfb9-1604b8118b47","SCBI_014.20140610.IXOSCA.N","pathogen of"
"be77619f-c474-45cf-a32b-152857e94eb4","SCBI_014.20140610.IXOSCA.N","pathogen of"
"d0dd7a54-2af6-4cea-a821-1add17cbf8fe","SCBI_014.20140610.AMBAME.N","pathogen of"
"b03ff7d4-83b9-4284-80e3-3616394c9bc3","SCBI_014.20140610.IXOSCA.N","pathogen of"
"f7392fd2-365d-4ce1-b262-2fe37755b4af","SCBI_014.20140610.IXOSCA.N","pathogen of"
"3b5d2e7b-8e84-48b5-9383-7d9a7bb262b2","SCBI_014.20140610.IXOSCA.N","pathogen of"
"5de8f344-b7e4-49b7-a97e-38920b263482","SCBI_014.20190515.IXOSCA.N","pathogen of"
"c1de9ac4-fa5b-4f19-ad7b-ff3be40563b9","SCBI_014.20190515.IXOSCA.N","pathogen of"
"35fc5890-a43d-4432-89f8-0d0a659c68d5","SCBI_014.20190515.IXOSCA.N","pathogen of"
"67e08ddd-f19b-4f41-aa43-38afcccb8125","SCBI_014.20190515.IXOSCA.N","pathogen of"
"7f5ad0fc-9ccd-4079-b880-5653e98ae90f","SCBI_014.20190515.IXOSCA.N","pathogen of"
"88fd5436-bba8-455d-8c73-bf8dc5ad723a","SCBI_014.20190515.IXOSCA.N","pathogen of"
"25707c43-a888-48c5-91e8-206f15060848","SCBI_014.20190515.IXOSCA.N","pathogen of"
"c6a2836f-58f4-4334-b821-7088e7e3812d","SCBI_014.20190515.IXOSCA.N","pathogen of"
"4391be83-fe7a-4fd7-9f2b-5abbdd487faa","SCBI_014.20190515.IXOSCA.N","pathogen of"
"dcc02af5-01c9-400d-8fc5-d60cc61a6dcb","SCBI_014.20190515.IXOSCA.N","pathogen of"
"2ff55513-c0c3-4ce7-9a84-be9e82e32e7b","SCBI_014.20190515.IXOSCA.N","pathogen of"
"ec718233-e284-42c1-838e-881b68275bf8","SCBI_014.20190515.IXOSCA.N","pathogen of"
"886a6157-77c4-40fe-94a0-805d82312c3e","SCBI_014.20190515.IXOSCA.N","pathogen of"
"f36c6c39-077f-49d6-a6b5-481c36650cd8","SCBI_014.20190515.IXOSCA.N","pathogen of"
"edc8f1d2-8589-4db1-99c4-b1c232933f60","SCBI_014.20190530.AMBAME.N","pathogen of"
"d37d1ab5-8b38-4b5d-a9a0-5e2aa7df48ff","SCBI_014.20190530.AMBAME.N","pathogen of"
"eef5d9bf-f5e4-4958-ad07-e4474f66b7db","SCBI_014.20190530.AMBAME.N","pathogen of"
"c215e213-9326-4815-8ccd-f7bf5bdf3f96","SCBI_014.20190530.AMBAME.N","pathogen of"
"786fca68-785c-49ef-aeb9-1ab7dd7ec7dc","SCBI_014.20190530.AMBAME.N","pathogen of"
"3b330fd6-c260-4aca-900e-11adf48179b4","SCBI_014.20190530.AMBAME.N","pathogen of"
"5542e121-684b-4f1b-8fb1-4583fd5f43c4","SCBI_014.20190530.AMBAME.N","pathogen of"
"6f06a05d-4265-41c9-b213-3cbd9f84ccdf","SCBI_014.20210519.AMBAME.N","pathogen of"
"b827cc80-3436-4bf6-9f87-60e50a45d336","SCBI_014.20210519.IXOSCA.N","pathogen of"
"4ceac367-f3d5-450c-b298-608248ec8001","SCBI_014.20210519.IXOSCA.N","pathogen of"
"766c3423-1735-4b92-8475-82d388e9aa6a","SCBI_014.20210519.IXOSCA.N","pathogen of"
"50d0dd87-2ad0-4d82-8790-640c7aee7f0e","SCBI_014.20210519.IXOSCA.N","pathogen of"
"f752e845-36b7-4983-9ec9-e0e890ec3c3c","SCBI_014.20210519.IXOSCA.N","pathogen of"
"c1d78f54-a322-485d-a9e0-163cee793059","SCBI_014.20210519.IXOSCA.N","pathogen of"
"5fcdcc92-96e0-4f06-82b8-0bcde7de9697","SCBI_014.20210519.IXOSCA.N","pathogen of"
"4c27ae1c-5ece-48e7-bb20-79c0165be96a","SCBI_014.20210519.IXOSCA.N","pathogen of"
"ce3b112f-0859-496e-8cb3-d31924abd62a","SCBI_014.20210519.IXOSCA.N","pathogen of"
"7ffe96ad-47a3-4128-bc30-115434b05054","SCBI_014.20210519.IXOSCA.N","pathogen of"
"43c9aef4-51d7-407d-a330-c4d364891929","SCBI_014.20210519.IXOSCA.N","pathogen of"
"c85bcfac-ebd2-423b-b40b-f9a9a662c3c6","SCBI_014.20210519.IXOSCA.N","pathogen of"
"5dc575bb-fb7b-4485-8b52-78b5665ee764","SCBI_014.20210519.IXOSCA.N","pathogen of"
"0d1132e1-0551-40da-ae3c-bfa02a591207","SCBI_014.20210519.IXOSCA.N","pathogen of"
"04b2e7de-1b9c-4646-8c52-f2c09649781b","SCBI_014.20210519.IXOSCA.N","pathogen of"
"86ea0c27-8443-47e3-9ed8-4f17b99bf79a","SCBI_014.20210519.AMBAME.N","pathogen of"
"fcbe642f-f29f-4192-aa34-e8dd954b7839","SCBI_014.20210519.IXOSCA.N","pathogen of"
"774348e2-081d-4416-94e8-1771b333b717","SCBI_014.20210519.IXOSCA.N","pathogen of"
"80665f8b-2cc2-4f16-bf77-0f717693d931","SCBI_014.20210519.IXOSCA.N","pathogen of"
"dc73c17f-da9a-401f-88cb-38cab16d545e","SCBI_014.20210519.IXOSCA.N","pathogen of"
"92de5553-5b4a-4d55-b96f-ac00a9b58470","SCBI_014.20210519.IXOSCA.N","pathogen of"
"9c8d3755-e619-43ce-8065-8821a6ffb99d","SCBI_014.20210519.IXOSCA.N","pathogen of"
"70f81f1e-bc39-4547-854a-7bde0930cb06","SCBI_014.20210519.IXOSCA.N","pathogen of"
"3a67d44a-752f-4b4a-be05-df1922f285cb","SCBI_014.20210519.IXOSCA.N","pathogen of"
"b44c5bfe-4181-45b3-b7ad-286d7ee15164","SCBI_014.20210519.IXOSCA.N","pathogen of"
"36901db7-f427-4c64-9d50-b2a2beba1cf5","SCBI_014.20210519.IXOSCA.N","pathogen of"
"fabfa99b-1aa8-4cbf-8a01-c4a09324af1a","SCBI_014.20210519.IXOSCA.N","pathogen of"
"a859cca6-bb72-4e4c-a3dd-6c65e0f9142c","SCBI_014.20210519.IXOSCA.N","pathogen of"
"f2129028-4cd6-45b5-8a56-786f9f81d5ed","SCBI_014.20210519.IXOSCA.N","pathogen of"
"569128ab-8316-45b6-9d3a-f5a74c923b61","SCBI_014.20210519.AMBAME.N","pathogen of"
"71ae6426-7222-4b56-a01c-12b1dd32fe19","SCBI_014.20210519.AMBAME.N","pathogen of"
"c6bafc45-e31c-4221-a192-d2008efb500b","SCBI_014.20210519.AMBAME.N","pathogen of"
"f2876ebc-c704-426e-8b0a-cfb1ebc83ceb","SCBI_014.20210519.IXOSCA.N","pathogen of"
"4cc961cb-6ac4-4c5a-b5a9-5772306eaa5e","SCBI_014.20210519.IXOSCA.N","pathogen of"
"d3a53b47-4b9b-4eae-8cca-4a59cc6163e5","SCBI_014.20210519.IXOSCA.N","pathogen of"
"320ffffa-9c38-4435-b653-86e0c63b6f85","SCBI_014.20210519.IXOSCA.N","pathogen of"
"5cfd97e5-08cf-4624-9336-3f6d331f4780","SCBI_014.20210519.IXOSCA.N","pathogen of"
"5c4b94b5-4bc5-4231-b64c-7df5f31b2b1a","SCBI_014.20210519.IXOSCA.N","pathogen of"
"b6a001be-02ee-45c1-aa47-3d3e827db0b2","SCBI_014.20210519.IXOSCA.N","pathogen of"
"e608fd51-009b-4e65-9491-f70d7746b166","SCBI_014.20210519.IXOSCA.N","pathogen of"
"de7aaaa5-8731-4956-8043-48a7c99d1a09","SCBI_014.20210519.IXOSCA.N","pathogen of"
"cbcb704d-1061-42af-afe8-b0d93ece9d79","SCBI_014.20210519.IXOSCA.N","pathogen of"
"eef39818-4ca6-4f50-b2ac-a514aae86372","SCBI_014.20210519.AMBAME.N","pathogen of"
"df27f3c7-f4e6-4b33-9f8a-5b43d545c67a","SCBI_014.20210519.IXOSCA.N","pathogen of"
"be0986ed-b09d-473c-aa10-f34595748bf5","SCBI_014.20210519.IXOSCA.N","pathogen of"
"86d10f5d-f135-4a07-b6f9-58e7fe85befc","SCBI_014.20210519.AMBAME.N","pathogen of"
"8927f345-13f2-4d72-8722-7bcf73c19026","SCBI_014.20210519.IXOSCA.N","pathogen of"
"a06959cd-5a5e-4b6e-baa0-52021f163c29","SCBI_014.20210519.IXOSCA.N","pathogen of"
"cfd55c15-7bcd-4cd7-84d1-54501018396f","SCBI_014.20210519.IXOSCA.N","pathogen of"
"aa09a28d-f5e7-4922-a16d-588bbd9eba05","SCBI_014.20210519.IXOSCA.N","pathogen of"
"138b294e-1c34-4474-b58a-17a10a54c8a5","SCBI_014.20210519.IXOSCA.N","pathogen of"
"c5e0bc84-8e19-4219-8689-417602ef96e4","SCBI_014.20210519.IXOSCA.N","pathogen of"
"4db5ec4e-4d45-4d72-be6b-c7be792c5528","SCBI_014.20210519.IXOSCA.N","pathogen of"
"1ba65409-9517-48b4-85e6-b0daed4acf8b","SCBI_014.20210519.IXOSCA.N","pathogen of"
"63461db9-99b5-4c15-9f84-71a36a2de7a7","SCBI_014.20210519.IXOSCA.N","pathogen of"
"03ac25a2-7bae-4304-b076-da02281c0a58","SCBI_014.20210607.IXOSCA.N","pathogen of"
"0b828494-8f16-403c-bac9-270418d6a94a","SCBI_014.20210607.IXOSCA.N","pathogen of"
"2013c80e-33a5-465c-99a8-ff70cc5f3469","SCBI_014.20210607.IXOSCA.N","pathogen of"
"558060d4-4dd7-4cdc-a63c-a4563ce4b55b","SCBI_014.20210607.IXOSCA.N","pathogen of"
"c56009de-7f80-4a05-8166-aba8a927a64c","SCBI_014.20210607.IXOSCA.N","pathogen of"
"d9180e2e-9857-4e99-b4f6-133a452aed8c","SCBI_014.20210607.AMBAME.N","pathogen of"
"1ceb6532-c28e-4fec-bef4-0f48a97ffbd2","SCBI_014.20210607.IXOSCA.N","pathogen of"
"7dbf5333-7461-4807-8695-de74c5a8fc5a","SCBI_014.20210607.AMBAME.N","pathogen of"
"0c8fbb91-d35b-404c-a313-74f3753a63fd","SCBI_014.20210607.IXOSCA.N","pathogen of"
"89178886-079e-4ae4-bf37-13fde2fc6f5e","SCBI_014.20210607.IXOSCA.N","pathogen of"
"0eb8b35c-13bd-4591-9897-5688399dc933","SCBI_014.20210607.IXOSCA.N","pathogen of"
"a6ea40c6-56d6-443f-ba92-ce234250ae0c","SCBI_014.20210607.IXOSCA.N","pathogen of"
"b63dd404-ccb1-4f0e-b250-adbe571db0e3","SCBI_014.20210607.IXOSCA.N","pathogen of"
"f5caebd1-1fc6-48d7-a8f1-c180df72d557","SCBI_014.20210607.AMBAME.N","pathogen of"
"36c8f713-c080-4c7d-bc14-ed9438dc2c62","SCBI_014.20210607.AMBAME.N","pathogen of"
"f821eb2c-11c9-4ee3-b967-ae8975fb409b","SCBI_014.20210607.IXOSCA.N","pathogen of"
"44f5c5b9-5d3c-4b13-9309-f985409ef9e2","SCBI_014.20210607.IXOSCA.N","pathogen of"
"941d0f34-86d8-4350-bd5d-16c0b3c8a658","SCBI_014.20210607.IXOSCA.N","pathogen of"
"f704d918-53ef-4ff4-99ed-f56b969f15a6","SCBI_014.20210607.IXOSCA.N","pathogen of"
"6f38826b-c0f0-4f1b-bf03-12787fc27278","SCBI_014.20210607.AMBAME.N","pathogen of"
"11d4b778-eb27-40dc-9acd-ef020dd00543","SCBI_014.20210607.AMBAME.N","pathogen of"
"cea9647a-3346-45a6-9c02-86c890bc158c","SCBI_014.20210607.AMBAME.N","pathogen of"
"e27f8547-74a3-43ff-97ea-2b64fb09508b","SCBI_014.20210607.IXOSCA.N","pathogen of"
"bf29c432-79ca-49d6-9cf5-0c110c15ad57","SCBI_014.20210607.AMBAME.N","pathogen of"
"13bb86f4-cd69-4a45-88d0-2812d1d9badf","SCBI_014.20210607.IXOSCA.N","pathogen of"
"7ed83686-4dfa-44cd-a52f-72f15442000d","SCBI_014.20210607.IXOSCA.N","pathogen of"
"402f26f3-020a-4f41-943c-aa4da1431ff5","SCBI_014.20210607.IXOSCA.N","pathogen of"
"ea19dc0d-e189-44ba-b647-3adb6a7254de","SCBI_014.20210607.IXOSCA.N","pathogen of"
"bbe562c0-dffc-485c-a7d7-5c5460659f3d","SCBI_014.20210607.IXOSCA.N","pathogen of"
"1a13f69d-063c-4bb2-904e-b07dfff9c8cf","SCBI_014.20210607.IXOSCA.N","pathogen of"
"da536474-7a70-4afd-9d2b-da1e750dfd66","SCBI_014.20210607.AMBAME.N","pathogen of"
"6d7c2f5c-d41a-4c3e-9627-1ad65b2ff5ce","SCBI_014.20210607.IXOSCA.N","pathogen of"
"1e2fa0b7-a874-4b6a-80e9-4e803b6e55fa","SCBI_014.20210607.IXOSCA.N","pathogen of"
"5e41e865-5a3c-43e1-abd2-1cac2e3ec193","SCBI_014.20210607.AMBAME.N","pathogen of"
"b5a4d9a9-0334-468b-af4c-71303e35bef5","SCBI_014.20210607.IXOSCA.N","pathogen of"
"7148546f-e9e8-4a6c-881a-ed5ce4b8cb24","SCBI_014.20210607.IXOSCA.N","pathogen of"
"80cdbbcf-6c64-4b89-a423-3a36e508736f","SCBI_014.20210607.AMBAME.N","pathogen of"
"58e47fef-abad-488e-8e4d-a0a18635a354","SCBI_014.20210607.AMBAME.N","pathogen of"
"526a104c-4ba8-4b0b-8306-94a119641ac5","SCBI_014.20210607.IXOSCA.N","pathogen of"
"641319e9-1577-4aee-ab44-b3b00e8d3c69","SCBI_014.20210607.IXOSCA.N","pathogen of"
"690abb20-c412-4654-9874-52deaf42f6c8","SCBI_014.20210607.IXOSCA.N","pathogen of"
"5227d99f-1bab-4106-92e0-546ef394485a","SCBI_014.20210607.AMBAME.N","pathogen of"
"1a5e1313-d50b-42bc-81bc-1332f1da52bb","SCBI_014.20210607.AMBAME.N","pathogen of"
"20ca1644-d282-4e00-ba07-1e1ecb720838","SCBI_014.20210607.IXOSCA.N","pathogen of"
"cef3c72e-9909-46ed-8b2c-1b8838303093","SCBI_014.20210607.IXOSCA.N","pathogen of"
"d2602eda-7119-4cc5-93da-ade999b91473","SCBI_014.20210607.IXOSCA.N","pathogen of"
"f18be781-4346-481e-8705-2e4ecc2ef84f","SCBI_014.20210607.IXOSCA.N","pathogen of"
"da0921ec-6cdb-4d2a-9e18-0a6915597a99","SCBI_014.20210607.IXOSCA.N","pathogen of"
"78e0941f-ed3d-4142-9c2d-138840bc76c6","SCBI_014.20210607.IXOSCA.N","pathogen of"
"6ae05ea4-2a9a-4a62-8c3e-aac425f05c9a","SCBI_014.20210607.IXOSCA.N","pathogen of"
"bba38dd5-8b86-4d94-a49e-46687771f29f","SCBI_014.20210607.IXOSCA.N","pathogen of"
"69fa0ca4-a587-408f-85ca-3ad6e895b72e","SCBI_014.20210607.IXOSCA.N","pathogen of"
"e812ba63-bd88-45e9-803a-a6213d46ab39","SCBI_014.20210607.IXOSCA.N","pathogen of"
"593b2d22-78a0-4e09-b80e-6c0589ecc201","SCBI_014.20210607.AMBAME.N","pathogen of"
"f430410d-f3d4-466c-b43f-7765de8aadce","SCBI_014.20210607.IXOSCA.N","pathogen of"
"848e5683-459e-4366-84a2-5050a96c6eb5","SCBI_014.20210607.IXOSCA.N","pathogen of"
"0a1df355-31c1-4306-85ba-9565a21eec87","SCBI_014.20210607.IXOSCA.N","pathogen of"
"766f734a-5adf-4c0b-ab17-9b7b8b363e25","SCBI_014.20210607.IXOSCA.N","pathogen of"
"46207f8b-f1e4-480c-b211-24848bcc28af","SCBI_014.20210607.AMBAME.N","pathogen of"
"de51c106-dc1f-4516-a33b-a5a045734279","SCBI_014.20210607.AMBAME.N","pathogen of"
"e2c33334-b58b-431b-85f8-a8dd40fccedd","SCBI_014.20210607.IXOSCA.N","pathogen of"
"628e72eb-9cde-451e-8114-d598c422fa55","SCBI_014.20210607.IXOSCA.N","pathogen of"
"708140b1-3814-4725-84aa-bf888d363bc8","SCBI_014.20210607.IXOSCA.N","pathogen of"
"f0094119-9afa-4624-970c-1ecdea17d65d","SCBI_014.20210607.IXOSCA.N","pathogen of"
"f3f49133-986b-4f36-87dd-6a1efc1fd2ed","SCBI_014.20210607.IXOSCA.N","pathogen of"
"5cb6c349-14bb-4a48-b95c-6c9c258c0d00","SCBI_014.20210607.IXOSCA.N","pathogen of"
"84f5d5d3-a4a0-4c6c-ab30-85af3edac1f3","SCBI_014.20210607.IXOSCA.N","pathogen of"
"976adfcc-f1c3-4e0b-976b-478860d509ce","SCBI_014.20210607.IXOSCA.N","pathogen of"
"d8e4a336-ca1d-4e10-833f-53370304bead","SCBI_014.20210607.AMBAME.N","pathogen of"
"a13a51f1-9b65-4e9e-a569-d36a86a6896b","SCBI_014.20210607.IXOSCA.N","pathogen of"
"0ade7cda-14a5-458b-ac50-97bae532ff54","SCBI_014.20210607.AMBAME.N","pathogen of"
"7f6babfa-7a8c-40ad-9858-80432108cea9","SCBI_014.20210607.IXOSCA.N","pathogen of"
"a75514e8-6aa5-4265-8aec-783c50f4c9a1","SCBI_014.20210607.AMBAME.N","pathogen of"
"39e003ae-feda-475f-932f-5d9c93882606","SCBI_014.20210607.AMBAME.N","pathogen of"
"b069887c-0661-4091-b91d-bbbe77bbc828","SCBI_014.20210607.IXOSCA.N","pathogen of"
"3927720b-d86c-45b5-b1dc-61452cd00a65","SCBI_014.20210607.IXOSCA.N","pathogen of"
"2fa1d5ca-7319-4547-9cc7-f8d9c0042556","SCBI_014.20210607.IXOSCA.N","pathogen of"
"9cbc6614-29bc-44a2-a34f-4044ecd4eae9","SCBI_014.20210621.IXOSCA.N","pathogen of"
"3370dca4-bd9b-4d48-9213-d6eae3f7db2b","SCBI_014.20210621.IXOSCA.N","pathogen of"
"293918eb-a433-4862-b097-af034b5da5cc","SCBI_014.20210621.AMBAME.N","pathogen of"
"db426d86-c5af-4d33-89de-7780369e5144","SCBI_014.20210621.AMBAME.N","pathogen of"
"c0f682e5-7128-4cce-b63c-e93f60313974","SCBI_014.20210621.IXOSCA.N","pathogen of"
"39a6c048-d02c-4a2d-b5c9-2b19f038aa5f","SCBI_014.20210621.IXOSCA.N","pathogen of"
"558e6e77-e791-42e5-89ca-a2d04b702f9d","SCBI_014.20210621.AMBAME.N","pathogen of"
"89f50e37-aeb2-4133-92e6-a955e23b4cbd","SCBI_014.20210621.IXOSCA.N","pathogen of"
"3550475f-ff45-4ca1-8533-834627374183","SCBI_014.20210621.AMBAME.N","pathogen of"
"a7f49249-9c3c-4a71-9c4c-91f1a634b0b5","SCBI_014.20210621.AMBAME.N","pathogen of"
"522697be-98b4-4b96-bea7-b753f2e1e773","SCBI_014.20210621.IXOSCA.N","pathogen of"
"757dc498-5095-45e4-810e-168ece1b3832","SCBI_014.20210621.AMBAME.N","pathogen of"
"d4290a6b-756c-458c-8a98-aa03891c95e8","SCBI_014.20210621.AMBAME.N","pathogen of"
"10f4f68b-f57e-4540-835f-aac452ba5342","SCBI_014.20210621.IXOSCA.N","pathogen of"
"dc17fab0-9d5d-45f8-a988-fb3cdde672e1","SCBI_014.20210621.AMBAME.N","pathogen of"
"97713ff5-d0f9-4d35-baa7-4ea1ad67e79a","SCBI_014.20210621.IXOSCA.N","pathogen of"
"e5cd39e5-bcfb-4a03-83fc-7a2a76ddcc12","SCBI_014.20210621.IXOSCA.N","pathogen of"
"657c37c8-19b8-42c4-b203-eb8b31290f28","SCBI_014.20210621.IXOSCA.N","pathogen of"
"4cb8fc85-0193-46d7-bd40-4bdc991d8e53","SCBI_014.20210621.AMBAME.N","pathogen of"
"3287c597-4ec7-483d-a84a-e9f15eefff35","SCBI_014.20210621.IXOSCA.N","pathogen of"
"99da29f3-fa4b-4bf6-9ab2-e9202343f40c","SCBI_014.20210621.AMBAME.N","pathogen of"
"057dc7f7-da8a-4ba4-9b7d-d16d3d68fba3","SCBI_014.20210621.AMBAME.N","pathogen of"
"daa8e2b6-870c-4d7c-a12e-9d76177545ce","SCBI_014.20210621.AMBAME.N","pathogen of"
"90c8b974-cf41-4ee4-869a-63319aa89528","SCBI_014.20210621.IXOSCA.N","pathogen of"
"9a6e6a19-ccdd-4d45-a66f-9b2787573a7e","SCBI_014.20210621.AMBAME.N","pathogen of"
"61537a1a-0e3f-40d3-b1af-2e074855d3ab","SCBI_014.20210621.IXOSCA.N","pathogen of"
"0617cd1c-b689-4cbe-ab49-51f5fab69198","SCBI_014.20210621.IXOSCA.N","pathogen of"
"36e90d7d-710b-4aa4-b698-57d2497f33ab","SCBI_014.20210621.IXOSCA.N","pathogen of"
"7b6a416a-0e04-44d5-8e74-deebdb7cc34c","SCBI_014.20210621.AMBAME.N","pathogen of"
"373a38df-9ad1-4b69-be21-fc69a921a6b1","SCBI_014.20210621.AMBAME.N","pathogen of"
"ed25dd59-0e20-4397-9de3-69c74e284f64","SCBI_014.20210621.IXOSCA.N","pathogen of"
"a9249366-ec89-46bf-ab9d-036e14fd11d6","SCBI_014.20210621.AMBAME.N","pathogen of"
"d3d39b6d-2fda-42d1-95ef-3c5233d0e001","SCBI_014.20210621.AMBAME.N","pathogen of"
"d0cd53e5-0438-4ef6-8646-b3bd0ce0a0db","SCBI_014.20210621.IXOSCA.N","pathogen of"
"83c06e82-3d2e-4a8e-80ab-bd86ff288f37","SCBI_014.20210621.AMBAME.N","pathogen of"
"59e16284-e107-4c5b-be8b-cad6325293f6","SCBI_014.20210621.AMBAME.N","pathogen of"
"dea3b27b-6484-4a43-951b-7b7d233ee9da","SCBI_014.20210621.IXOSCA.N","pathogen of"
"9c9f1713-57ff-4189-9bc1-68569a4c890d","SCBI_014.20210621.AMBAME.N","pathogen of"
"16c783dc-d2d7-418e-9af3-9dcb48dde1d0","SCBI_014.20210621.IXOSCA.N","pathogen of"
"6a21d536-8a26-4256-a0f5-de79da3b933b","SCBI_014.20210621.AMBAME.N","pathogen of"
"0c6a83ca-03b5-43a7-8c35-18bb6bf44da0","SCBI_014.20210621.AMBAME.N","pathogen of"
"bb2416bc-aa39-4f5f-a97e-8e588eaec013","SCBI_014.20210621.IXOSCA.N","pathogen of"
"b97bfad4-ccf8-4fec-913c-cd57bd090715","SCBI_014.20210621.IXOSCA.N","pathogen of"
"6682fcc1-827d-4639-805e-21bddc769e4e","SCBI_014.20210621.AMBAME.N","pathogen of"
"8264733f-0e41-4144-bdff-6e6225274c39","SCBI_014.20210621.IXOSCA.N","pathogen of"
"fb3406a6-6204-4854-80bf-7c0e12d87e6e","SCBI_014.20210621.AMBAME.N","pathogen of"
"b2f1b7b0-e294-424f-bd6b-2b2ee78d6bae","SCBI_014.20210621.IXOSCA.N","pathogen of"
"0066d2d4-17ba-43fe-b832-1c7192e123bc","SCBI_014.20210621.AMBAME.N","pathogen of"
"abb96105-2911-46a0-9fef-4b22dcc7c966","SCBI_014.20210621.AMBAME.N","pathogen of"
"ae99334b-d173-492a-bc46-0f6b6e4e53f0","SCBI_014.20210621.IXOSCA.N","pathogen of"
"a8106f31-7b9f-4ff3-9f0c-dccf9e29d7ce","SCBI_014.20210621.IXOSCA.N","pathogen of"
"600967db-f90a-44c7-8cc1-3752da96e3bc","SCBI_014.20210621.IXOSCA.N","pathogen of"
"b95ccac1-6174-4cb7-8c76-5530e0db1cd6","SCBI_014.20210621.AMBAME.N","pathogen of"
"6d3fadbe-fb6d-4a4a-a7ef-ce76e4de9bcd","SCBI_014.20210621.AMBAME.N","pathogen of"
"8db657f8-962f-4df4-bae2-140440011d0b","SCBI_014.20210621.AMBAME.N","pathogen of"
"f74501a0-1119-4d10-b331-27f32d9c7290","SCBI_014.20210621.AMBAME.N","pathogen of"
"e5348ebb-845b-4f80-9a5a-39aef7362faa","SCBI_014.20210621.AMBAME.N","pathogen of"
"3723566e-02e6-416d-871e-35526e9ad64c","SCBI_014.20210621.IXOSCA.N","pathogen of"
"7a8c3035-d5ea-4e95-a88e-0fa08adfb08e","SCBI_014.20210621.IXOSCA.N","pathogen of"
"394ae356-a762-46a3-bb57-d9d231e2d85c","SCBI_014.20210621.IXOSCA.N","pathogen of"
"53a6a7a9-7239-4294-b179-88ebbef6e439","SCBI_014.20210621.IXOSCA.N","pathogen of"
"4dccb5f0-b2e7-4a74-9f58-0c3d4b290fab","SCBI_014.20210621.IXOSCA.N","pathogen of"
"313631c7-c37f-49b4-aded-548422f879b8","SCBI_014.20210621.AMBAME.N","pathogen of"
"856c4fd6-5283-435d-9b3d-e3a6ac65f08c","SCBI_014.20210621.AMBAME.N","pathogen of"
"5c0f7bc5-aaaf-42d0-9d7f-373ee2fa62f3","SCBI_014.20210621.IXOSCA.N","pathogen of"
"6e97cdbf-e488-4664-9f01-6b1e2f68bccc","SCBI_014.20210621.IXOSCA.N","pathogen of"
"7a6466d4-2e26-419a-9067-455e09fa8b72","SCBI_014.20210621.IXOSCA.N","pathogen of"
"8791d838-02b8-4304-80f1-e0bc6d1fd967","SCBI_014.20210621.AMBAME.N","pathogen of"
"9ea49501-33de-4dd7-81bc-7735afeeacf4","SCBI_014.20210621.IXOSCA.N","pathogen of"
"2a66debc-a4eb-449d-a14c-b5e0ab51e077","SCBI_014.20210621.AMBAME.N","pathogen of"
"d7e55289-3d43-4a88-9e1d-68066927ca08","SCBI_014.20210714.IXOSCA.N","pathogen of"
"aad5ae1e-1d4f-4216-929b-81c8fd5efaf7","SCBI_014.20210714.IXOSCA.N","pathogen of"
"8eefeab3-111e-4658-b4d3-fc2c0f4b909a","SCBI_014.20210714.IXOSCA.N","pathogen of"
"79a3538d-71ef-48f9-a981-5e5521b90fd6","SCBI_014.20210714.IXOSCA.N","pathogen of"
"6d6a62d8-5331-4635-bc62-46ce6ecc4446","SCBI_014.20210714.IXOSCA.N","pathogen of"
"801e0973-354d-42e7-9a34-9e49761075a2","SCBI_014.20210714.IXOSCA.N","pathogen of"
"b333eec2-5afd-4d66-b2ee-7e707fa02ee4","SCBI_014.20210714.IXOSCA.N","pathogen of"
"617b7409-d6fc-4e92-9377-4aa26f176480","SCBI_014.20210714.IXOSCA.N","pathogen of"
"f9744dbc-38a9-4d8f-8885-eb3c784ab3cf","SCBI_014.20210714.IXOSCA.N","pathogen of"
"6f3ebd74-ec83-479f-bc00-0147af6f4860","SCBI_014.20210714.IXOSCA.N","pathogen of"
"19aeebb7-607b-4233-8a68-49bdec5f5f29","SCBI_014.20210714.IXOSCA.N","pathogen of"
"567a04b5-729b-4b02-b9a0-4d8eb0c7014f","SCBI_014.20210714.IXOSCA.N","pathogen of"
"9e96ce3c-2d80-40fb-9ed2-117382782e85","SCBI_014.20210714.IXOSCA.N","pathogen of"
"d55e85b9-609f-4794-a0dd-c40fd253bea5","SCBI_014.20210714.IXOSCA.N","pathogen of"
"988bd165-6d4c-4a5a-b288-07d3a135670b","SCBI_014.20210714.IXOSCA.N","pathogen of"
"24fc0e69-9f02-48e4-942c-e17838978894","SCBI_014.20210714.IXOSCA.N","pathogen of"
"06046c23-039c-4478-94c6-45afa711f0de","SCBI_014.20210714.IXOSCA.N","pathogen of"
"affd9ce3-21a9-4322-9166-79d194894f6c","SCBI_014.20210714.IXOSCA.N","pathogen of"
"d636aeef-ead3-4a43-83e0-8171c1ff661a","SCBI_014.20210714.IXOSCA.N","pathogen of"
"911e4628-aa19-4726-a63c-2e6fcaf26b32","SCBI_014.20210714.IXOSCA.N","pathogen of"
"c064fac8-642f-4026-b569-cd456a870883","SCBI_014.20210714.IXOSCA.N","pathogen of"
"b3f02f49-e5c1-485f-84a2-b82708496b5b","SCBI_014.20210714.IXOSCA.N","pathogen of"
"11635f8f-fe4f-4fff-9623-2244b2e1fed5","SCBI_014.20210714.IXOSCA.N","pathogen of"
"4db504c8-cb73-405e-b5da-da778132e0d5","SCBI_014.20210714.IXOSCA.N","pathogen of"
"e7e88aee-5613-4312-aded-9083e4aaefe4","SCBI_014.20210714.IXOSCA.N","pathogen of"
"5808eb41-8488-4900-a0b2-dfe8dd30f524","SCBI_014.20210714.IXOSCA.N","pathogen of"
"962374f9-1f6e-4331-8486-b7f124ab8d7b","SCBI_014.20210714.IXOSCA.N","pathogen of"
"79bc982c-8dfa-4823-8f57-00a36835bdb9","SCBI_014.20210714.IXOSCA.N","pathogen of"
"db2c4709-ca58-45b3-a51d-fa8ecc2f7fb3","SCBI_014.20210802.AMBAME.N","pathogen of"
"b662fe8b-7095-4ff0-8758-5b367b2bc24d","SCBI_014.20210802.AMBAME.N","pathogen of"
"8d84e4d7-8161-4b46-a81f-923c4c63b976","SCBI_014.20210802.AMBAME.N","pathogen of"
"9a7ed0fd-debc-4e9b-a28b-3f40c15dea8f","SCBI_014.20210802.AMBAME.N","pathogen of"
"2055a43b-34a3-4113-bf77-0e918fae282b","SCBI_014.20210802.AMBAME.N","pathogen of"
"7162e0a5-1818-465a-b44e-0173bcc3f570","SCBI_014.20210802.AMBAME.N","pathogen of"
"94f4de62-a23a-4d17-b820-9996ebce2eb4","SCBI_014.20210802.AMBAME.N","pathogen of"
"3ae65c78-bca1-4052-94f2-795825109962","SCBI_014.20220509.HAELON.N","pathogen of"
"9f24137b-d45e-4c3a-af88-acffb9f3c6f6","SCBI_014.20220509.HAELON.N","pathogen of"
"8290097a-30e1-46a9-874c-e7843fa67a0c","SCBI_014.20220509.IXOSCA.N","pathogen of"
"ae47a74a-8890-42c8-aad1-cc8b3922bb72","SCBI_014.20220509.IXOSCA.N","pathogen of"
"c71d9ec7-739c-4dd9-bbc5-4cde394b6516","SCBI_014.20220509.HAELON.N","pathogen of"
"faf23eac-30ad-456a-be93-b55c94112ef7","SCBI_014.20220509.IXOSCA.N","pathogen of"
"eab94054-93fe-47b0-b3ff-590e27f4f239","SCBI_014.20220509.IXOSCA.N","pathogen of"
"4b0aa048-9827-46cd-83ed-e45acf0f7b68","SCBI_014.20220509.HAELON.N","pathogen of"
"a51f2891-cee1-4634-8a76-405e416e9bd1","SCBI_014.20220509.IXOSCA.N","pathogen of"
"7c19e233-eeab-4e31-9e0f-ba2515901392","SCBI_014.20220509.IXOSCA.N","pathogen of"
"584f943c-9120-489d-bd47-fff19d70354e","SCBI_014.20220509.HAELON.N","pathogen of"
"2308ecd1-0668-4f12-a93f-c2905fed5f45","SCBI_014.20220509.HAELON.N","pathogen of"
"bfbcd6e7-6951-4c8f-ba4a-2fdfb48eda5b","SCBI_014.20220509.IXOSCA.N","pathogen of"
"ea5f9292-1699-41d5-abab-fcbf47f1b531","SCBI_014.20220509.HAELON.N","pathogen of"
"daa3a965-7097-4fbf-8d83-eec2e04a239c","SCBI_014.20220509.HAELON.N","pathogen of"
"e95fb3d7-ef54-4947-99f2-fde67e0520d3","SCBI_014.20220509.IXOSCA.N","pathogen of"
"90a7af76-6f4b-4534-9279-3a35e74cd293","SCBI_014.20220509.HAELON.N","pathogen of"
"f26b145b-c463-45f8-8460-c73b0b8f86d1","SCBI_014.20220509.IXOSCA.N","pathogen of"
"ecbe970b-2bfc-426a-8bb4-fe3e3a8d33cc","SCBI_014.20220509.HAELON.N","pathogen of"
"ae4033d7-5993-49bf-85d3-97acd5a50cb2","SCBI_014.20220509.HAELON.N","pathogen of"
"80cdb20d-aa06-4a75-a14f-95f5ab411efd","SCBI_014.20220509.HAELON.N","pathogen of"
"7b54365c-435d-4875-954b-852743ee15c0","SCBI_014.20220509.IXOSCA.N","pathogen of"
"a506c028-7624-43c3-8400-8fc6f4869468","SCBI_014.20220509.IXOSCA.N","pathogen of"
"e73e3398-33ee-4e2d-945f-a1734d31ff5f","SCBI_014.20220509.IXOSCA.N","pathogen of"
"3199739e-6a4f-4aef-9da8-39436b79d83f","SCBI_014.20220509.HAELON.N","pathogen of"
"30d6b967-9877-4422-9d3d-9ee569581beb","SCBI_014.20220509.IXOSCA.N","pathogen of"
"f8d162d6-48b6-4d00-9819-0d1ef1d9e9b8","SCBI_014.20220509.IXOSCA.N","pathogen of"
"9d49e006-7da0-48be-9e70-47ae71902bdc","SCBI_014.20220509.HAELON.N","pathogen of"
"626141da-618e-47d8-8515-44cf5a034993","SCBI_014.20220531.IXOSCA.N","pathogen of"
"30618e42-0cbf-4a8e-801c-e1e6542165e3","SCBI_014.20220531.IXOSCA.N","pathogen of"
"f71aee95-c80d-4e06-93b7-98c05be577b0","SCBI_014.20220531.HAELON.N","pathogen of"
"a084b79b-6686-416f-9aa2-b0b1ee6c89d8","SCBI_014.20220531.AMBAME.N","pathogen of"
"74190a77-abb5-489e-895f-77426bed4b65","SCBI_014.20220531.HAELON.N","pathogen of"
"106f6733-9b35-4eef-be8b-464aaf04ff13","SCBI_014.20220531.HAELON.N","pathogen of"
"a6d08af3-e3a9-410e-939a-4ad737e724f6","SCBI_014.20220531.IXOSCA.N","pathogen of"
"361a710f-a1ae-4e83-97d0-c24652ad143c","SCBI_014.20220531.IXOSCA.N","pathogen of"
"48b66e06-5afd-4408-988d-9879420e810e","SCBI_014.20220531.AMBAME.N","pathogen of"
"e89dfb63-f2eb-491b-ac28-34c60155e810","SCBI_014.20220531.AMBAME.N","pathogen of"
"1e6c3262-dfa0-4589-90dc-d3faf643dafd","SCBI_014.20220531.HAELON.N","pathogen of"
"97e20d2d-cbae-4f6d-8670-25e0359971f9","SCBI_014.20220531.IXOSCA.N","pathogen of"
"8771a136-f8af-48f7-b10f-b0d0d43b340d","SCBI_014.20220531.AMBAME.N","pathogen of"
"8f273394-852d-40bb-a10e-fb6d58cc0855","SCBI_014.20220531.AMBAME.N","pathogen of"
"2d789077-02da-423d-bc3a-33dec0e28920","SCBI_014.20220531.IXOSCA.N","pathogen of"
"028a9421-f309-44b2-9833-06f6b6ada066","SCBI_014.20220531.HAELON.N","pathogen of"
"97d6877d-01be-49bb-b153-f8178c62dfe5","SCBI_014.20220531.IXOSCA.N","pathogen of"
"b49d2916-3c28-4886-8502-68f57db0f462","SCBI_014.20220531.HAELON.N","pathogen of"
"0f269c6e-21db-4612-a8a3-4c35672cf073","SCBI_014.20220531.IXOSCA.N","pathogen of"
"66039ee8-ea57-464d-8341-3400cde2029f","SCBI_014.20220531.HAELON.N","pathogen of"
"6b1f5315-1654-4e7a-a67c-d8f5f2dec7bc","SCBI_014.20220531.HAELON.N","pathogen of"
"075e1cf1-2bc9-46ed-8e0a-6933d6f0c5f8","SCBI_014.20220531.HAELON.N","pathogen of"
"028da88b-e5a1-4304-aa1d-cf7bba1ea180","SCBI_014.20220531.IXOSCA.N","pathogen of"
"6bbe22fd-9251-492e-b395-f46906c9d46e","SCBI_014.20220531.HAELON.N","pathogen of"
"7a645d7f-a594-4f20-bafb-85f220007e2d","SCBI_014.20220531.HAELON.N","pathogen of"
"cc00747c-dc62-4e75-b56f-77ab0ad8bcef","SCBI_014.20220531.HAELON.N","pathogen of"
"1a638168-2db3-49e1-89b4-9f2046c05e29","SCBI_014.20220531.AMBAME.N","pathogen of"
"bc8d461f-380d-4b42-9ef7-d249097dad2f","SCBI_014.20220531.HAELON.N","pathogen of"
"653fe10a-cefa-460a-b8ed-2c313722d728","SCBI_014.20220531.HAELON.N","pathogen of"
"fdccad6d-bbd4-4f3f-af7e-719a5d680eab","SCBI_014.20220531.AMBAME.N","pathogen of"
"f256d3fe-9a73-4263-a3d0-f40d23023a3e","SCBI_014.20220531.HAELON.N","pathogen of"
"9e7e366d-3401-467e-a663-f8557e7e9c0c","SCBI_014.20220531.HAELON.N","pathogen of"
"b14c078b-92ef-48f6-ae40-289a854f65bd","SCBI_014.20220531.IXOSCA.N","pathogen of"
"633693b3-e52d-4a3a-a74c-11f885de9b3b","SCBI_014.20220531.HAELON.N","pathogen of"
"dfd43bf0-ab3e-4625-ba8d-463d43eeeeeb","SCBI_014.20220531.AMBAME.N","pathogen of"
"5dec1ae0-a2f3-44ae-976b-89baf9601e02","SCBI_014.20220531.HAELON.N","pathogen of"
"cf85cd84-8ac3-4550-a44e-4cd669a24c63","SCBI_014.20220531.AMBAME.N","pathogen of"
"63c596ec-6811-43ec-b64a-51e077d18221","SCBI_014.20220531.AMBAME.N","pathogen of"
"624bd6ac-1139-4e4b-af1b-fd5d8f9fbc6a","SCBI_014.20220531.AMBAME.N","pathogen of"
"d9543619-0217-4f06-97e9-f08dbdec2e7e","SCBI_014.20220531.HAELON.N","pathogen of"
"a3ce6b35-5e2e-46d4-ba3c-50801c613c88","SCBI_014.20220531.HAELON.N","pathogen of"
"ddec802a-ef46-4379-ac56-da5fe67044a4","SCBI_014.20220531.AMBAME.N","pathogen of"
"e2dd7c84-732c-4370-988a-b80b536344d0","SCBI_014.20220531.HAELON.N","pathogen of"
"bc168537-1805-468e-bc08-89d3936abe91","SCBI_014.20220531.IXOSCA.N","pathogen of"
"bb211628-6f66-4d96-bf1e-5fd9d9f99a62","SCBI_014.20220531.IXOSCA.N","pathogen of"
"e4aaf826-6612-4ecf-a23e-b99d9c7b3a89","SCBI_014.20220531.IXOSCA.N","pathogen of"
"8bca9f21-085e-4a88-b1d0-32c980525f4a","SCBI_014.20220531.HAELON.N","pathogen of"
"6a930e2d-81cc-4dbd-8545-779441b9dc42","SCBI_014.20220531.HAELON.N","pathogen of"
"39e309a4-c5e8-4afb-b72a-ea314095879d","SCBI_014.20220531.AMBAME.N","pathogen of"
"2bca5011-5f91-49f6-8993-6d26329df9c1","SCBI_014.20220531.AMBAME.N","pathogen of"
"7be8aa01-c912-43b2-a0ea-bf9ee69e1f89","SCBI_014.20220531.HAELON.N","pathogen of"
"212ae3b3-235f-41b0-beef-9a119bb667c3","SCBI_014.20220531.AMBAME.N","pathogen of"
"f0a55ad4-8bf7-44d8-b507-7ae3e823d35a","SCBI_014.20220531.IXOSCA.N","pathogen of"
"f2a94552-b0fb-4140-83c1-a408d5b68ff2","SCBI_014.20220531.AMBAME.N","pathogen of"
"a8dd8cde-3c38-418f-a1a2-b3a202ed74e3","SCBI_014.20220531.HAELON.N","pathogen of"
"b5e44c38-b747-4fdf-bf47-d62f3db635de","SCBI_014.20220531.HAELON.N","pathogen of"
"c13a4082-50f7-435a-bfca-093c74912bb1","SCBI_014.20220531.HAELON.N","pathogen of"
"f603508c-4b89-4a92-8f0a-506c1284208f","SCBI_014.20220531.AMBAME.N","pathogen of"
"63a10774-7054-41eb-9cec-95aea1a15b01","SCBI_014.20220531.HAELON.N","pathogen of"
"2c119282-319f-40cf-9e2d-11ba8228771b","SCBI_014.20220531.AMBAME.N","pathogen of"
"a6da5f88-db80-4c58-a128-1d98ce846945","SCBI_014.20220620.AMBAME.N","pathogen of"
"e3874573-cf1f-4bdd-abfe-7ccd40e517aa","SCBI_014.20220620.AMBAME.N","pathogen of"
"6a3172b8-4a81-42d4-9fd1-a4fc94bfd40f","SCBI_014.20220620.HAELON.N","pathogen of"
"bdedad99-711b-4c2c-a052-02e43a5048cf","SCBI_014.20220620.HAELON.N","pathogen of"
"2b0cd4f1-fd45-46b9-84ea-0986fefb27bb","SCBI_014.20220620.HAELON.N","pathogen of"
"ba16dcad-078b-4bcf-8918-2a1e5ec7455e","SCBI_014.20220620.HAELON.N","pathogen of"
"db67da01-9880-4c3f-bd9c-5c3397518626","SCBI_014.20220620.HAELON.N","pathogen of"
"a92b629d-25bc-4d7c-bf81-668d7d5fbdda","SCBI_014.20220620.HAELON.N","pathogen of"
"f51f795f-f462-438d-b904-5589925a51c4","SCBI_014.20220620.HAELON.N","pathogen of"
"87cf1712-5b8e-43d8-8842-6a92926ede49","SCBI_014.20220620.AMBAME.N","pathogen of"
"12e11cc8-05f2-49bd-9318-5f5271ec0395","SCBI_014.20220620.AMBAME.N","pathogen of"
"ce5eb7b9-7804-45a9-8c12-d5db64865bfb","SCBI_014.20220620.AMBAME.N","pathogen of"
"18f1c0b5-73c7-4af2-8aa9-7d7fb748ae64","SCBI_014.20220620.HAELON.N","pathogen of"
"89ac00df-b453-4008-82be-2e8094aa6bf1","SCBI_014.20220620.HAELON.N","pathogen of"
"62ded0b4-ea1d-4b1d-8a82-201a0c5dc33e","SCBI_014.20220620.AMBAME.N","pathogen of"
"02aa49c6-830e-4163-b200-64c6c3618e03","SCBI_014.20220620.HAELON.N","pathogen of"
"0bdbcc2b-c018-408d-9441-6da618a4ea86","SCBI_014.20220620.HAELON.N","pathogen of"
"f6a33c35-8451-4e02-ae6a-4894ffb4d731","SCBI_014.20220620.HAELON.N","pathogen of"
"309b681e-a662-43df-bffd-7b5abaac9641","SCBI_014.20220620.HAELON.N","pathogen of"
"f0401aca-5a99-4e9f-9fae-a52272e6cf99","SCBI_014.20220620.HAELON.N","pathogen of"
"77c10c94-20cf-4f54-bcce-6b8f5c1ea0ae","SCBI_014.20220620.AMBAME.N","pathogen of"
"ef40977f-4c96-417f-bce5-d48840860ea2","SCBI_014.20220620.HAELON.N","pathogen of"
"121b9ce6-4c29-4595-b6d8-4d73b59e3832","SCBI_014.20220620.HAELON.N","pathogen of"
"daa19423-914c-413b-8258-ac4f37053a6d","SCBI_014.20220620.HAELON.N","pathogen of"
"acd581c6-8155-4957-80c5-b78fda597848","SCBI_014.20220620.HAELON.N","pathogen of"
"84ae8e3a-ebd7-42a3-94d3-892683b42a9b","SCBI_014.20220620.HAELON.N","pathogen of"
"250325c5-9471-4a5c-a272-9eda6067f097","SCBI_014.20220620.HAELON.N","pathogen of"
"62b79a45-33dd-49d5-a8e8-18438b8f2fb0","SCBI_014.20220620.AMBAME.N","pathogen of"
"2b004472-4a44-4a95-9b8f-300090beba93","SCBI_014.20220620.HAELON.N","pathogen of"
"50f6cf87-b05d-4964-8d97-d3edb6ae61d7","SCBI_014.20220620.HAELON.N","pathogen of"
"b45db3de-6c72-48d1-9f75-18a92b4e659a","SCBI_014.20220620.AMBAME.N","pathogen of"
"e8a1bdbf-cf45-4e22-ad56-834339c71567","SCBI_014.20220620.HAELON.N","pathogen of"
"59ebff6d-ad4b-4890-8fb0-56e0bee7e937","SCBI_014.20220620.HAELON.N","pathogen of"
"f910ce09-0f8e-4b61-9009-b55054a18ece","SCBI_014.20220620.HAELON.N","pathogen of"
"cf261b75-2e5e-4453-b729-54dabb0341f9","SCBI_014.20220620.HAELON.N","pathogen of"
"49cc4162-29e0-45ab-90f9-1617c16848f8","SCBI_014.20220620.HAELON.N","pathogen of"
"dab0e7c5-e81c-44da-9430-765d3621f3b5","SCBI_014.20220620.HAELON.N","pathogen of"
"0c2bc5bb-fe90-4893-b5fa-7df32a6e7ff6","SCBI_014.20220620.HAELON.N","pathogen of"
"6ecb5913-9ea0-49a7-b3ef-c374ff92f4d6","SCBI_014.20220620.HAELON.N","pathogen of"
"37b646db-0758-4771-b380-1ff0c292e149","SCBI_014.20220620.HAELON.N","pathogen of"
"eb48ae67-8092-427d-ad0a-48cd0186bfc7","SCBI_014.20220620.HAELON.N","pathogen of"
"05d6787e-cba3-42df-9b15-4dbccadffe30","SCBI_014.20220620.HAELON.N","pathogen of"
"4aed579b-939e-48ed-b114-9f31656fa34a","SCBI_014.20220620.HAELON.N","pathogen of"
"b1e01171-49f4-4de5-adca-a7af6b0cfad5","SCBI_014.20220620.HAELON.N","pathogen of"
"60fb6b39-fff7-43ed-8f66-356c0d0b11bd","SCBI_014.20220620.HAELON.N","pathogen of"
"d6cdd074-7b51-4caf-ac79-6c79b18b4d2f","SCBI_014.20220620.HAELON.N","pathogen of"
"9d9ccccd-8b51-4b26-83d1-b9f5e4d2a2f9","SCBI_014.20220620.HAELON.N","pathogen of"
"4c36efa7-4392-49aa-926c-be79cfe13dbc","SCBI_014.20220620.HAELON.N","pathogen of"
"b5d3809b-454d-43b4-a09c-9949f7673690","SCBI_014.20220620.HAELON.N","pathogen of"
"cf240519-dabd-4ead-b5b0-71360c68371c","SCBI_014.20220620.HAELON.N","pathogen of"
"830b4111-7ff5-4f15-9d16-094dd4d5d6ab","SCBI_014.20220620.HAELON.N","pathogen of"
"733b64d3-c7eb-4c67-9e6b-815e307fa74e","SCBI_014.20220620.HAELON.N","pathogen of"
"5333da30-a9a5-4cd2-aec3-12f0e28ebd6b","SCBI_014.20220620.HAELON.N","pathogen of"
"25f68d2f-d6b1-4286-a799-6aa4470370aa","SCBI_014.20220620.HAELON.N","pathogen of"
"c872ba33-7c4f-494a-bb1d-2690df973bf2","SCBI_014.20220620.HAELON.N","pathogen of"
"42ca81b1-76d5-48df-a22b-37e9ecf6675a","SCBI_014.20220620.HAELON.N","pathogen of"
"d9b6d33a-2036-402a-af39-a21b0a607dbd","SCBI_014.20220620.HAELON.N","pathogen of"
"d9e08f39-1587-416c-884d-feb771437ce8","SCBI_014.20220620.HAELON.N","pathogen of"
"c54e14bb-daad-4447-8933-5cf74998917a","SCBI_014.20220620.HAELON.N","pathogen of"
"4f669246-c91a-4b7e-ad65-db039609d185","SCBI_014.20220620.HAELON.N","pathogen of"
"60d32ed6-f5e7-4fa2-975b-2243af7e35f5","SCBI_014.20220620.HAELON.N","pathogen of"
"6064858d-8d38-4fd5-bff1-b36748d2b11f","SCBI_014.20220620.HAELON.N","pathogen of"
"22292c7f-8487-4f7e-bac9-8fe6523bcb2d","SCBI_014.20220620.HAELON.N","pathogen of"
"626e7350-db99-44a2-98d5-17c7ebda588b","SCBI_014.20220620.HAELON.N","pathogen of"
"1304366b-0665-45a9-8d9e-f3e90b84ba0b","SCBI_014.20220620.HAELON.N","pathogen of"
"daa66150-466f-4298-a6f3-6f4a35b270b5","SCBI_014.20220620.HAELON.N","pathogen of"
"34369a45-3fef-4fc2-87c5-1cdeb89e5bbd","SCBI_014.20220620.HAELON.N","pathogen of"
"eb2da8e1-9f2c-461f-9741-02b48265ce6e","SCBI_014.20220620.HAELON.N","pathogen of"
"840295ea-81a2-41aa-bcb4-7d5854303bd1","SCBI_014.20220620.HAELON.N","pathogen of"
"8200aec9-b790-498e-a258-f961ee9d21cb","SCBI_014.20220620.HAELON.N","pathogen of"
"0e1885df-fde0-438b-940c-a70550d43fd5","SCBI_014.20220620.HAELON.N","pathogen of"
"213c4259-1001-4be7-9eea-507e9e771438","SCBI_014.20220620.HAELON.N","pathogen of"
"df449293-a8ea-48e2-b08a-23ed740e606f","SCBI_014.20220620.HAELON.N","pathogen of"
"ad65f5ae-0e85-4383-800c-6416a8222ed6","SCBI_014.20220620.HAELON.N","pathogen of"
"b5d049bb-169b-4f2a-a0b8-3b5a0ee78b92","SCBI_014.20220620.HAELON.N","pathogen of"
"9290d534-8e81-4ce7-b2f0-0bb15c837901","SCBI_014.20220620.HAELON.N","pathogen of"
"a2c42745-756b-4c31-8158-995cb2e89a88","SCBI_014.20220620.HAELON.N","pathogen of"
"219647db-eac0-4276-a3bc-0b51df2986f0","SCBI_014.20220620.HAELON.N","pathogen of"
"29208980-c51f-4e83-97f5-58a260aabdd3","SCBI_014.20220620.HAELON.N","pathogen of"
"7bb05091-216f-4d30-848b-0ea481383f97","SCBI_014.20220620.HAELON.N","pathogen of"
"a0ec5cd2-f817-4f12-896c-9d6a2d846633","SCBI_014.20220620.HAELON.N","pathogen of"
"54ec712b-9681-45fa-9c03-7f37030f2aa5","SCBI_014.20220620.HAELON.N","pathogen of"
"0a5baa8e-55aa-41e1-bbb4-464e69ffa831","SCBI_014.20220620.HAELON.N","pathogen of"
"e0f5e536-3823-471a-a7d0-8b44be3c7d92","SCBI_014.20220620.HAELON.N","pathogen of"
"59bd0b23-9d05-4cc7-ab78-c3597bba8296","SCBI_014.20220620.HAELON.N","pathogen of"
"7f5035ee-aa95-4e78-b4ed-ab5134cadfb2","SCBI_014.20220620.HAELON.N","pathogen of"
"8a08a347-d783-4b27-9e01-d5acb4bbb78e","SCBI_014.20220620.HAELON.N","pathogen of"
"46599c9a-9c90-4f15-aa47-fddd6e70088d","SCBI_014.20220620.HAELON.N","pathogen of"
"b01ffc95-e711-43f6-94be-3f0b0a1e1037","SCBI_014.20220620.HAELON.N","pathogen of"
"416ec976-0856-4362-9f11-81af7a01df9f","SCBI_014.20220620.HAELON.N","pathogen of"
"23af5d79-ea40-4e95-bd11-f2bee82cd4cd","SCBI_014.20220620.HAELON.N","pathogen of"
"6b32a907-9ae9-49bb-b659-f5552304427d","SCBI_014.20220620.HAELON.N","pathogen of"
"fa7632f4-223a-4125-adb6-ee01c384e4d0","SCBI_014.20220620.HAELON.N","pathogen of"
"502abb45-9e5c-4b3e-ac51-bdd4f1666819","SCBI_014.20220713.AMBAME.N","pathogen of"
"8767405e-0285-47df-bb27-fd763d83103d","SCBI_014.20220713.HAELON.N","pathogen of"
"31e3925e-8702-42ab-b9fe-c7815e512aca","SCBI_014.20220713.AMBAME.N","pathogen of"
"6c50f125-cbce-4768-a378-1cb3643d0bb9","SCBI_014.20220713.HAELON.N","pathogen of"
"c905325e-5c02-4a52-873c-b37c452a2c3b","SCBI_014.20220713.HAELON.N","pathogen of"
"c9f634f6-357b-45dc-bc89-a7b77b9930f8","SCBI_014.20220713.HAELON.N","pathogen of"
"d91315a3-956a-441d-bb0a-1e2c960add74","SCBI_014.20220713.HAELON.N","pathogen of"
"a0fc3082-40ff-4bdc-8db6-4e09f0ce39d2","SCBI_014.20220713.HAELON.N","pathogen of"
"e56c68e4-6db2-4ae4-bb33-e29825b665ae","SCBI_014.20220713.HAELON.N","pathogen of"
"b75ac34d-4ddd-43a4-a05d-efcd12588da8","SCBI_014.20220713.AMBAME.N","pathogen of"
"e4147129-5238-4504-ad79-87c35d47ab24","SCBI_014.20220713.HAELON.N","pathogen of"
"85c5373b-60b0-4570-a5c9-cf60c5409b98","SCBI_014.20220713.AMBAME.N","pathogen of"
"f4113351-d933-441f-bae2-11dfb16f46af","SCBI_014.20220713.HAELON.N","pathogen of"
"dbd0a3f7-1864-4c49-b954-151ab965c843","SCBI_014.20220713.AMBAME.N","pathogen of"
"c17a8d76-13dd-48ce-9322-1b059ebf9122","SCBI_014.20220713.HAELON.N","pathogen of"
"48c92de4-7ea7-45ee-b7a4-11ba608abbfe","SCBI_014.20220713.AMBAME.N","pathogen of"
"addef77b-fdc2-46d6-8f86-f06d0ca20d05","SCBI_014.20220713.AMBAME.N","pathogen of"
"f705591a-b2cb-4d2f-b59a-e71e5c5f3f87","SCBI_014.20220713.AMBAME.N","pathogen of"
"ce4328a9-276b-40f6-b6e2-cc712a842826","SCBI_014.20220713.HAELON.N","pathogen of"
"79109067-ca4d-4234-baac-ea66cdf0421c","SCBI_014.20220713.AMBAME.N","pathogen of"
"d2b41c0b-836c-41a5-80a5-684c0953122e","SCBI_014.20220713.HAELON.N","pathogen of"
"e92098ec-a60a-4fe8-b4c0-a9c96cf7b017","SCBI_014.20220713.HAELON.N","pathogen of"
"02ecd65e-a97e-4954-bffb-962ce611612d","SCBI_014.20220713.HAELON.N","pathogen of"
"a22eb08c-0a8c-4975-96ec-69515888b3da","SCBI_014.20220822.AMBAME.N","pathogen of"
"59c2f300-d445-4dc5-96cb-3127f6004fb1","SCBI_014.20220822.AMBAME.N","pathogen of"
"4f430018-c3d9-41f1-a904-19fe104384c0","SCBI_014.20220822.AMBAME.N","pathogen of"
"35bd820c-e259-4ad7-87f2-af690301c920","SCBI_014.20220822.AMBAME.N","pathogen of"
"3e86ad5c-0b22-4f9f-b03d-a18b49e037b2","SCBI_014.20220822.AMBAME.N","pathogen of"
"6d4e35e9-1026-4c35-b33e-5c5ea159b913","SCBI_014.20220822.AMBAME.N","pathogen of"
"1fb79f07-cce9-4d34-aa14-907fac9c6a32","SCBI_014.20220822.AMBAME.N","pathogen of"
"367b4529-2e1f-4c25-925e-b3f33d0f0381","SCBI_014.20220822.AMBAME.N","pathogen of"
"6d294cbd-1dc0-40c3-be7e-ae9c6d51aa94","SCBI_014.20220822.AMBAME.N","pathogen of"
"21a5e4e8-22eb-48d2-aee9-6bdffd01674a","SCBI_014.20220822.AMBAME.N","pathogen of"
"2c5c5e7e-4c84-49c6-8e89-441385a76771","SCBI_014.20220822.AMBAME.N","pathogen of"
"330fd689-74b9-4f4e-ac65-fbd63d9ede41","SCBI_014.20220822.AMBAME.N","pathogen of"
"5dd0168a-4d95-4ca3-bedd-c03f16042622","SCBI_014.20220822.AMBAME.N","pathogen of"
"d94eb27a-f273-4f9f-8349-b2693974472f","SCBI_014.20220822.AMBAME.N","pathogen of"
"f1414275-2eb5-4ff6-8fd2-1e94c9bd8500","SCBI_014.20220822.AMBAME.N","pathogen of"
"d225e4d5-7dfc-41b0-a818-b09a25bb46fc","SCBI_014.20220822.AMBAME.N","pathogen of"
"4cd9a38d-1403-42ac-b583-78480e3b7b4e","SCBI_014.20220822.AMBAME.N","pathogen of"
"69789458-1839-4f44-aef9-cde12417c91e","SCBI_014.20220822.AMBAME.N","pathogen of"
"c99581d0-2671-4e9a-b476-0e8ed9fc08c5","SCBI_014.20230327.HAELON.N","pathogen of"
"4f360065-2a59-4288-b2fa-f223795aef10","SCBI_014.20230327.HAELON.N","pathogen of"
"362c51ac-16cb-4b20-aaf9-8f3caff587d0","SCBI_014.20230327.HAELON.N","pathogen of"
"ca1e88af-d3af-42e5-8f4c-d723f5a3dc88","SCBI_014.20230327.HAELON.N","pathogen of"
"8e056b99-3fd1-4b89-a36e-ae41b27f64b3","SCBI_014.20230327.HAELON.N","pathogen of"
"cc590aaa-c2ac-4ffa-9209-dfb41ec37498","SCBI_014.20230327.HAELON.N","pathogen of"
"0a2533bb-f943-4f25-a1ae-aa4f01b7e64f","SCBI_014.20230327.HAELON.N","pathogen of"
"ae3ddd0e-9e28-4ef2-a849-cc3d0b2b295d","SCBI_014.20230327.HAELON.N","pathogen of"
"0d0a61d0-e966-4204-a052-7bd8ad28bcc5","SCBI_014.20230327.HAELON.N","pathogen of"
"2f40c563-c400-47c8-8403-f39334130adc","SCBI_014.20230327.HAELON.N","pathogen of"
"5a2ac70e-a24c-49c7-a371-9196956ba92e","SCBI_014.20230327.HAELON.N","pathogen of"
"5a371149-b05e-4566-b99b-b4b03f674b7e","SCBI_014.20230327.HAELON.N","pathogen of"
"9b793968-71c3-435d-8b97-4124a46e724a","SCBI_014.20230327.HAELON.N","pathogen of"
"fb9e2f0e-f926-4e1a-ad43-c87ae399d381","SCBI_014.20230327.HAELON.N","pathogen of"
"3356c0ae-0ea6-46e6-a358-36bb78f38501","SCBI_014.20230327.HAELON.N","pathogen of"
"b24a572f-6f5f-42ab-a5c7-01b5efee74fb","SCBI_014.20230327.HAELON.N","pathogen of"
"1856ddcd-15ec-4117-93a8-737098813817","SCBI_014.20230327.HAELON.N","pathogen of"
"ea28ae8b-b736-4d5e-a0d9-234fa736d52f","SCBI_014.20230327.HAELON.N","pathogen of"
"1448c577-a364-46cf-af4b-f5f3c5b5b909","SCBI_014.20230327.HAELON.N","pathogen of"
"b8be5fd5-0276-46d9-8463-9b6c1585a040","SCBI_014.20230327.HAELON.N","pathogen of"
"1b2baba9-1134-4ff6-a2f4-cf4f749b0c26","SCBI_014.20230327.HAELON.N","pathogen of"
"60b48593-cd63-4749-8551-e0a110c1cdf2","SCBI_014.20230327.HAELON.N","pathogen of"
"24b1318a-d2b0-433e-9cd5-943d299e86e7","SCBI_014.20230327.HAELON.N","pathogen of"
"d741dabc-a9c9-4663-b499-fe8951c19e9d","SCBI_014.20230327.HAELON.N","pathogen of"
"0a6b8552-a227-481b-bf65-56a3ccac413e","SCBI_014.20230327.HAELON.N","pathogen of"
"4d941f1e-122d-4ccf-b9af-a9347f845e4e","SCBI_014.20230327.HAELON.N","pathogen of"
"79693fe7-13f8-4294-9af1-679f8e6856f8","SCBI_014.20230327.HAELON.N","pathogen of"
"086ba08d-fe65-448c-b98e-0046f95e205e","SCBI_014.20230327.HAELON.N","pathogen of"
"ac1bd06c-7e87-48ba-991b-6329c058c8a7","SCBI_014.20230327.HAELON.N","pathogen of"
"67135c03-718c-4ebf-9321-bcc975e3cd48","SCBI_014.20230327.HAELON.N","pathogen of"
"ddba3981-492d-4a6b-807f-8b65386abd06","SCBI_014.20230327.HAELON.N","pathogen of"
"c45b2da2-b9e8-4eef-b6f5-83dfef9f5020","SCBI_014.20230327.HAELON.N","pathogen of"
"24f115b3-c989-487e-ab34-f82b9211f17f","SCBI_014.20230327.HAELON.N","pathogen of"
"e639cd50-f423-4460-98b0-eb69b900fcb5","SCBI_014.20230327.HAELON.N","pathogen of"
"78109889-d12b-476c-b8c2-0f355ae8f396","SCBI_014.20230327.HAELON.N","pathogen of"
"550a770e-effd-4893-b44f-fd9398d7f8f9","SCBI_014.20230327.HAELON.N","pathogen of"
"67e6c15e-27f4-430d-958d-8d1850df762c","SCBI_014.20230327.HAELON.N","pathogen of"
"dcf7cf49-4d4f-47e6-96f4-f15780ad54a0","SCBI_014.20230327.HAELON.N","pathogen of"
"00a4cd61-5d9b-49fb-b3ed-fc4a472af71c","SCBI_014.20230327.HAELON.N","pathogen of"
"5ae09ccb-de14-4d26-8a0b-29ffc2fbbd05","SCBI_014.20230327.HAELON.N","pathogen of"
"ee7697ea-477b-41cb-bf83-ff5acc832cdc","SCBI_014.20230327.HAELON.N","pathogen of"
"093717e4-3f31-4d69-998d-3bc17b64b9f4","SCBI_014.20230327.HAELON.N","pathogen of"
"3aab1b22-66b8-4d2f-a508-d8c8dd2db546","SCBI_014.20230327.HAELON.N","pathogen of"
"912d5343-f4da-4056-8c4d-694fbf35b834","SCBI_014.20230327.HAELON.N","pathogen of"
"a7a12f8e-7873-434c-b075-ffcaed4fba3d","SCBI_014.20230327.HAELON.N","pathogen of"
"c4353f3e-9ff1-4987-9428-561779b38fdd","SCBI_014.20230327.HAELON.N","pathogen of"
"8f709eed-414f-4fab-a451-91deb4ca1166","SCBI_014.20230327.HAELON.N","pathogen of"
"c22a3ca6-4f1e-42ed-a971-fb3571564d30","SCBI_014.20230327.HAELON.N","pathogen of"
"bc0d6bd8-97ca-4037-b7e2-e5e454e7db97","SCBI_014.20230327.HAELON.N","pathogen of"
"c932e150-c02c-4bb7-b76d-3ff00eb0d937","SCBI_014.20230327.HAELON.N","pathogen of"
"6941dc8b-037a-4c49-b4f9-0adc2045ad24","SCBI_014.20230327.HAELON.N","pathogen of"
"44252868-494c-4e36-b378-91413b3420c5","SCBI_014.20230327.HAELON.N","pathogen of"
"7d362679-da6a-43f1-b163-5ec7588d7df8","SCBI_014.20230327.HAELON.N","pathogen of"
"38c6794b-d381-4c2d-8766-6c834b0a712c","SCBI_014.20230327.HAELON.N","pathogen of"
"e785cd87-afaa-4d94-9b84-684e5b664856","SCBI_014.20230327.HAELON.N","pathogen of"
"cc24aaed-f930-4a4f-a3c2-5c715770b1a3","SCBI_014.20230327.HAELON.N","pathogen of"
"ad8f1e12-73d7-440b-8739-01540ca0f182","SCBI_014.20230327.HAELON.N","pathogen of"
"108d5a5c-07d9-4667-adc4-5c858a18f53e","SCBI_014.20230327.HAELON.N","pathogen of"
"64848e09-3b9d-478d-98f4-e7aedf00ea9d","SCBI_014.20230327.HAELON.N","pathogen of"
"f4d55990-7ce4-49c7-8410-e3bbecb8cf65","SCBI_014.20230327.HAELON.N","pathogen of"
"e8cdbf9d-00e1-441d-b135-7d6e75c83e9e","SCBI_014.20230327.HAELON.N","pathogen of"
"70019c21-25ae-4064-aed2-b34d7dea7353","SCBI_014.20230327.HAELON.N","pathogen of"
"906320f7-2df6-4be0-9842-b3b6b60084fc","SCBI_014.20230327.HAELON.N","pathogen of"
"27a18267-30e2-494c-9d14-0f9af257a2e4","SCBI_014.20230327.HAELON.N","pathogen of"
"d74f530b-1510-4a10-8e31-04cf4bdf1f6e","SCBI_014.20230327.HAELON.N","pathogen of"
"1fa51b0a-eb56-4b55-9dac-082a2e16de35","SCBI_014.20230327.HAELON.N","pathogen of"
"c515d163-d1f1-47c5-8246-ffe765f957aa","SCBI_014.20230327.HAELON.N","pathogen of"
"6661974a-9ea5-47b5-8f08-7f3104d04895","SCBI_014.20230327.HAELON.N","pathogen of"
"95c945dc-366d-48e3-a075-fbfceedc38d0","SCBI_014.20230327.HAELON.N","pathogen of"
"62cad32b-2fd7-4218-852c-346ef74fba14","SCBI_014.20230327.HAELON.N","pathogen of"
"d9d4b2e9-0453-42ca-b5c7-c50ff54a7656","SCBI_014.20230327.HAELON.N","pathogen of"
"a9f8e39c-90b4-4887-b14c-20532ebb25e0","SCBI_014.20230327.HAELON.N","pathogen of"
"2e2b4bc1-e765-49b0-b355-3dc8a345145d","SCBI_014.20230327.HAELON.N","pathogen of"
"936f9669-25cb-477a-9412-354f01f1a4ce","SCBI_014.20230327.HAELON.N","pathogen of"
"a7ec1bd6-5d24-415f-bc7c-81375904d1f5","SCBI_014.20230327.HAELON.N","pathogen of"
"4a6c4ea5-fdc2-421c-932d-acbbca4ff221","SCBI_014.20230327.HAELON.N","pathogen of"
"d7354588-1339-4a08-a6ec-e742967e24fd","SCBI_014.20230327.HAELON.N","pathogen of"
"a983f513-1b83-4017-bed1-a62824c01274","SCBI_014.20230327.HAELON.N","pathogen of"
"f9aa7527-9714-4486-8b1f-d3d4f4883ad1","SCBI_014.20230327.HAELON.N","pathogen of"
"011aa1c4-2877-48ac-bbc8-ee66d3bca130","SCBI_014.20230327.HAELON.N","pathogen of"
"96834569-d647-4221-900f-fb8691717de4","SCBI_014.20230327.HAELON.N","pathogen of"
"01f1eb3e-0001-4276-b4c4-69c51c6d7b5f","SCBI_014.20230327.HAELON.N","pathogen of"
"0b927c71-4cbb-4c60-a2de-fd551896f96a","SCBI_014.20230327.HAELON.N","pathogen of"
"de20a80d-76d4-4ee4-84e0-22d2d060b55c","SCBI_014.20230327.HAELON.N","pathogen of"
"96809b67-78f5-46c7-b790-d8133028def6","SCBI_014.20230327.HAELON.N","pathogen of"
"d01dc55b-7f74-4b06-afb4-8ae97feda07a","SCBI_014.20230327.HAELON.N","pathogen of"
"a6d92879-d7a2-420f-b9d7-7fdd2eac8829","SCBI_014.20230327.HAELON.N","pathogen of"
"d3a786a1-c303-4e5b-abf4-0ac601bd29da","SCBI_014.20230327.HAELON.N","pathogen of"
"708a3e38-d0ac-4ff9-8e49-20245290d3b7","SCBI_014.20230327.HAELON.N","pathogen of"
"f7fc7c6c-0ea1-4313-92a7-fc63b50fbb31","SCBI_014.20230327.HAELON.N","pathogen of"
"00bc9839-9025-45f6-a349-079ba9c2ac64","SCBI_014.20230327.HAELON.N","pathogen of"
"5bd91c28-2e6b-4f77-a263-9b981c240754","SCBI_014.20230327.HAELON.N","pathogen of"
"9607a42c-9037-4159-b0da-eb47a67d73eb","SCBI_014.20230327.HAELON.N","pathogen of"
"fa600feb-577e-46cd-ba07-d55ab3d3cf04","SCBI_014.20230327.HAELON.N","pathogen of"
"0b8fe89a-62e7-44c5-a328-29c07c7c21ae","SCBI_014.20230327.HAELON.N","pathogen of"
"387f51fd-4074-451f-a295-048220f3499c","SCBI_014.20230327.HAELON.N","pathogen of"
"cf95112a-b5eb-45f6-88fc-477011587211","SCBI_014.20230327.HAELON.N","pathogen of"
"fe73a0da-d286-4f8d-953d-cad244927141","SCBI_014.20230327.HAELON.N","pathogen of"
"fbdec732-9366-4f87-a819-b6caf9c5bdfd","SCBI_014.20230327.HAELON.N","pathogen of"
"97545d5c-5b25-43de-b5b7-b0da03d85f5e","SCBI_014.20230327.HAELON.N","pathogen of"
"ea3beb99-2fe6-40b6-a8d5-544ea3ec1bf2","SCBI_014.20230327.HAELON.N","pathogen of"
"3f68b5e4-f0c1-4c12-9a62-faeedfac0a2d","SCBI_014.20230327.HAELON.N","pathogen of"
"41b6bf51-90ed-4b1d-a8a4-fd37e595b108","SCBI_014.20230327.HAELON.N","pathogen of"
"6a8706aa-7625-47db-93ac-d94abdbaeae7","SCBI_014.20230327.HAELON.N","pathogen of"
"4c0311bd-1280-4519-bec6-6604edfc2a81","SCBI_014.20230327.HAELON.N","pathogen of"
"aaf57f2d-32f6-4cd5-8489-06342a6dd8da","SCBI_014.20230327.HAELON.N","pathogen of"
"301ed785-85a9-4606-87b7-53a4b6eb3aca","SCBI_014.20230327.HAELON.N","pathogen of"
"944d7d97-3242-41b5-872c-e1b1f3f926a6","SCBI_014.20230327.HAELON.N","pathogen of"
"ca96c3eb-b437-4f7f-a296-fdbb844d1401","SCBI_014.20230327.HAELON.N","pathogen of"
"47932052-96f4-42a9-8221-35b707df75af","SCBI_014.20230327.HAELON.N","pathogen of"
"2d67b217-fed0-43e7-b90c-ae1c92ca2285","SCBI_014.20230327.HAELON.N","pathogen of"
"598138db-beed-4db3-bd1d-b75273f3076b","SCBI_014.20230327.HAELON.N","pathogen of"
"a76fbb79-3e44-4e6e-8653-e4f09a60dc16","SCBI_014.20230327.HAELON.N","pathogen of"
"404521fa-c6db-434d-97cf-366459582233","SCBI_014.20230327.HAELON.N","pathogen of"
"b975e28e-2b3a-4e3c-9297-9d1ecb1fb75b","SCBI_014.20230327.HAELON.N","pathogen of"
"cd6df8c2-b003-4e1e-b032-f1fbb5017bf7","SCBI_014.20230327.HAELON.N","pathogen of"
"0ae71a3f-b342-41de-b27f-7c4dbf59d83d","SCBI_014.20230327.HAELON.N","pathogen of"
"61e478c2-2dbe-4839-894e-6ff407375da7","SCBI_014.20230327.HAELON.N","pathogen of"
"70dede0b-7d54-49f9-8a24-d43c28b726ba","SCBI_014.20230327.HAELON.N","pathogen of"
"14858f52-022f-49ea-ac7a-07c468c3cdad","SCBI_014.20230327.HAELON.N","pathogen of"
"486e1dc2-34fe-4dc7-b4b8-b8ee62a336f4","SCBI_014.20230327.HAELON.N","pathogen of"
"6f663980-d1c6-47a2-9dd9-212bc913f4e6","SCBI_014.20230327.HAELON.N","pathogen of"
"eed03fc7-d0b6-42db-bd6b-958f342baf51","SCBI_014.20230327.HAELON.N","pathogen of"
"dcaa684c-0941-45d0-b8c2-aa5a64d18082","SCBI_014.20230327.HAELON.N","pathogen of"
"85d0613d-f133-4bf9-a013-2da0b2a2a6e4","SCBI_014.20230327.HAELON.N","pathogen of"
"500b0715-0029-42be-8495-5691b719a282","SCBI_014.20230327.HAELON.N","pathogen of"
"73bb5957-0867-47be-8ebe-8650466b8887","SCBI_014.20230327.HAELON.N","pathogen of"
"711ef082-623e-4e55-913a-cf540ea36182","SCBI_014.20230327.HAELON.N","pathogen of"
"82f037e2-cb6a-4b28-ad0b-246723bf6a6b","SCBI_014.20230327.HAELON.N","pathogen of"
"ac04f5c3-7ce0-466a-aa9a-84f5f7ba5194","SCBI_014.20230327.HAELON.N","pathogen of"
"d8d39964-8282-4868-b445-f4113d67738b","SCBI_014.20230327.HAELON.N","pathogen of"
"dd1653f0-6b29-461f-9d46-9416b0a69bdc","SCBI_014.20230327.HAELON.N","pathogen of"
"3935742c-eec5-4b6c-a5e9-1b60e94cb440","SCBI_014.20230327.HAELON.N","pathogen of"
"fa7ac046-5e00-4911-ae1d-6f133a76e3d7","SCBI_014.20230327.HAELON.N","pathogen of"
"4490de9e-2751-4111-b6f1-fcfca660b2e6","SCBI_014.20230327.HAELON.N","pathogen of"
"7c03235b-7eab-4a3b-bb2f-985ced9359e4","SCBI_014.20230327.HAELON.N","pathogen of"
"0e47e849-c7a1-40d9-8841-77ea3c4eb4a4","SCBI_014.20230327.HAELON.N","pathogen of"
"81711db3-e676-4248-b783-8b0fbfbe433d","SCBI_014.20230327.HAELON.N","pathogen of"
"81d7349b-4e67-457b-a526-4f7f5d203fdd","SCBI_014.20230327.HAELON.N","pathogen of"
"2d72fdcc-7c6d-437a-9ea7-ef8741a7ce6e","SCBI_014.20230327.HAELON.N","pathogen of"
"1c4d0213-4c76-4462-b1a9-e469446e6621","SCBI_014.20230327.HAELON.N","pathogen of"
"487bb835-c255-42b7-8d5c-96c6c5a1b319","SCBI_014.20230327.HAELON.N","pathogen of"
"1d5ca77a-a7ed-4e56-9319-f4b33b09c3d5","SCBI_014.20230327.HAELON.N","pathogen of"
"57d8eed9-c457-4199-807b-3edf97ace4dd","SCBI_014.20230327.HAELON.N","pathogen of"
"a7450bbf-bd1e-4f33-bc8f-1aa6d574d490","SCBI_014.20230327.HAELON.N","pathogen of"
"f6b5b931-6544-41d6-b5f4-1627e1d5094e","SCBI_014.20230327.HAELON.N","pathogen of"
"ddce4b45-48da-4155-ab6e-378ba215b328","SCBI_014.20230327.HAELON.N","pathogen of"
"124a7050-af08-4d7c-8d70-80a5f8b52565","SCBI_014.20230327.HAELON.N","pathogen of"
"2545e631-c075-4641-b883-43da945bf6ec","SCBI_014.20230327.HAELON.N","pathogen of"
"3d733660-6787-4fdf-8e7f-85267280e85c","SCBI_014.20230327.HAELON.N","pathogen of"
"3c37e36f-b231-4de7-8fc2-7a36f274add5","SCBI_014.20230327.HAELON.N","pathogen of"
"4d554bb9-7ad1-4c5e-a1ff-ba33739e0790","SCBI_014.20230327.HAELON.N","pathogen of"
"fe571500-0754-4633-ba91-23ba8558df21","SCBI_014.20230327.HAELON.N","pathogen of"
"685dafe6-3478-417c-8d03-922f9c5a254e","SCBI_014.20230327.HAELON.N","pathogen of"
"6d3908bc-4ced-4f19-8c3c-ceedb3b90647","SCBI_014.20230417.HAELON.N","pathogen of"
"1a48dd5b-8f95-4147-9ffa-f3d5be4a7fa3","SCBI_014.20230417.HAELON.N","pathogen of"
"0a8ae2d4-a7aa-4c34-8076-f9ef66cc1331","SCBI_014.20230417.HAELON.N","pathogen of"
"541a0b83-afef-4566-bb11-387c5628da92","SCBI_014.20230417.HAELON.N","pathogen of"
"6565bc13-5bd8-45bc-9861-168bfef87042","SCBI_014.20230417.HAELON.N","pathogen of"
"90b0de16-e275-4e5f-b211-72d298ea4940","SCBI_014.20230417.HAELON.N","pathogen of"
"9475a833-7499-4272-a18b-f01ec20c0888","SCBI_014.20230417.HAELON.N","pathogen of"
"e2bc8d68-538f-4870-8423-02c5427d1ff9","SCBI_014.20230417.HAELON.N","pathogen of"
"6f9bec01-4eab-4c71-b645-318e93103186","SCBI_014.20230417.HAELON.N","pathogen of"
"ba774364-e313-49e3-bb00-62f85ef2ca79","SCBI_014.20230417.HAELON.N","pathogen of"
"0fc51e5d-d26d-4cd1-91ef-454703bee487","SCBI_014.20230417.HAELON.N","pathogen of"
"ecd53ccf-63db-463d-8655-bceef8ca663e","SCBI_014.20230417.HAELON.N","pathogen of"
"00e652ae-b559-4f0b-a111-6211528e3bd6","SCBI_014.20230417.HAELON.N","pathogen of"
"9d28f800-d1fe-4f7d-b114-c1e4ef137b45","SCBI_014.20230417.HAELON.N","pathogen of"
"20a3e6c7-16a9-46dc-bade-e142a49cfb52","SCBI_014.20230417.HAELON.N","pathogen of"
"bdb8c8c6-f6f7-4b1d-9af5-b150cf666266","SCBI_014.20230417.HAELON.N","pathogen of"
"94bf3a69-a491-43ef-a957-c801fcdc74ba","SCBI_014.20230417.HAELON.N","pathogen of"
"b307470a-b63f-44b3-b590-28a66bc91968","SCBI_014.20230417.HAELON.N","pathogen of"
"9c47f0cc-8479-4741-aee4-74110f0053f7","SCBI_014.20230417.HAELON.N","pathogen of"
"aa690194-1c90-400e-812e-bd40687301b2","SCBI_014.20230417.HAELON.N","pathogen of"
"7531433e-cf1e-4d15-a677-b47b4ab70c1c","SCBI_014.20230417.HAELON.N","pathogen of"
"c576cfae-7386-4f55-80e0-02c8949b2570","SCBI_014.20230417.HAELON.N","pathogen of"
"373b9654-fa2d-4ed1-82dd-6b57bb71bcc0","SCBI_014.20230417.HAELON.N","pathogen of"
"09709603-d6fd-4b49-8084-b47b3ab91658","SCBI_014.20230417.HAELON.N","pathogen of"
"97963cd8-2482-4010-b70b-59b796bdf3eb","SCBI_014.20230417.HAELON.N","pathogen of"
"c98c4029-ce79-468b-aa77-8ab8744862b4","SCBI_014.20230417.HAELON.N","pathogen of"
"8c042463-c43b-4839-93ce-935dcaac40fd","SCBI_014.20230417.HAELON.N","pathogen of"
"4e0fec71-9885-4f31-98f2-fcf78292822b","SCBI_014.20230417.HAELON.N","pathogen of"
"c6443530-b26c-4d88-b72e-a1f98a4786d4","SCBI_014.20230417.HAELON.N","pathogen of"
"4fdcc705-f74f-43a2-b423-a40d7a6a843f","SCBI_014.20230417.HAELON.N","pathogen of"
"4e5c0b98-2b2b-4cba-baf8-c5cd25184c3a","SCBI_014.20230417.HAELON.N","pathogen of"
"a222a062-8349-477b-862d-261465a4c815","SCBI_014.20230417.HAELON.N","pathogen of"
"e23a62d6-6579-4a18-abc5-a14646e2e07f","SCBI_014.20230417.HAELON.N","pathogen of"
"c447cc27-1079-4e41-aa37-69ef91bb56d5","SCBI_014.20230417.HAELON.N","pathogen of"
"964a8e0a-f1a8-4df9-8fec-eb405339eca0","SCBI_014.20230417.HAELON.N","pathogen of"
"7ff8af2a-7081-4ebb-951c-888d10b3499d","SCBI_014.20230417.HAELON.N","pathogen of"
"2b90bc7f-37b6-4239-9bee-38d9a31f1d5d","SCBI_014.20230417.HAELON.N","pathogen of"
"2df0d7ce-d960-464a-9a50-0e3868cde921","SCBI_014.20230417.HAELON.N","pathogen of"
"bda434f6-ae18-4a4d-aca8-d7e7310c7bb3","SCBI_014.20230417.HAELON.N","pathogen of"
"a0d30563-42d0-4829-86b3-0fdbe7246983","SCBI_014.20230417.HAELON.N","pathogen of"
"aa40c5c3-5951-4f77-924d-c5bc5401563f","SCBI_014.20230417.HAELON.N","pathogen of"
"c8f3f258-b3b1-4684-acf8-de0f038daa14","SCBI_014.20230417.HAELON.N","pathogen of"
"f138daf4-e13e-4605-b38a-fb28be4bae69","SCBI_014.20230417.HAELON.N","pathogen of"
"27877479-0111-41a6-ae70-71f9cad47add","SCBI_014.20230417.HAELON.N","pathogen of"
"b6600499-de2f-47d4-89cc-60d322eefb8f","SCBI_014.20230417.HAELON.N","pathogen of"
"a43d0660-1ba8-4fdc-b72a-56fe6df7a9db","SCBI_014.20230417.HAELON.N","pathogen of"
"e16acbd5-2084-4a3a-82d0-00aa6f728064","SCBI_014.20230417.HAELON.N","pathogen of"
"84aacc32-8535-497b-a171-48150623a74c","SCBI_014.20230417.HAELON.N","pathogen of"
"75322b63-8492-41a4-b038-e69dedde52a9","SCBI_014.20230417.HAELON.N","pathogen of"
"9b63e3c5-d7b9-476e-b12a-2e2efb912300","SCBI_014.20230417.HAELON.N","pathogen of"
"7a9058d9-1551-4df8-aba6-1c9a9229ae3a","SCBI_014.20230417.HAELON.N","pathogen of"
"589cd27b-0217-4850-aae8-41719f84ee20","SCBI_014.20230417.HAELON.N","pathogen of"
"00f61418-f5b0-4718-909b-469c9e482616","SCBI_014.20230417.HAELON.N","pathogen of"
"43369ad0-8bb2-4a87-a177-b62ccc4c6b5c","SCBI_014.20230417.HAELON.N","pathogen of"
"541bf31a-dfa9-4950-bbd1-9f2147eb4b19","SCBI_014.20230417.HAELON.N","pathogen of"
"c4ee0370-0434-4d19-8712-8c7834ff2296","SCBI_014.20230417.HAELON.N","pathogen of"
"d48c08cf-9fe5-4319-98f7-c8b507f26614","SCBI_014.20230417.HAELON.N","pathogen of"
"ff223a67-1521-4d66-a2b5-1f61cccd37a4","SCBI_014.20230417.HAELON.N","pathogen of"
"962b0898-aab0-411f-b3b3-660c32446495","SCBI_014.20230417.HAELON.N","pathogen of"
"9ee64816-d0d8-42bb-bcff-a86cdaeaf554","SCBI_014.20230417.HAELON.N","pathogen of"
"26105f63-af3d-4848-9059-24ddd4a6a7d0","SCBI_014.20230417.HAELON.N","pathogen of"
"752de54f-7a58-4eb4-a084-587a8caf598e","SCBI_014.20230417.HAELON.N","pathogen of"
"d5e28c89-e230-4bc8-a439-f8524b75b053","SCBI_014.20230417.HAELON.N","pathogen of"
"4721cbca-6e03-4d8e-8d07-25b69da60a62","SCBI_014.20230417.HAELON.N","pathogen of"
"01f61ca6-29e1-4157-80cf-5d3d41df3cb3","SCBI_014.20230417.HAELON.N","pathogen of"
"3dade47f-539d-415f-9624-0311ef5fa865","SCBI_014.20230417.HAELON.N","pathogen of"
"c4c088ad-ee1e-476e-b36b-8ba4e25520b4","SCBI_014.20230417.HAELON.N","pathogen of"
"f2bd8063-61c9-40ae-85c8-d78520b38f3d","SCBI_014.20230417.HAELON.N","pathogen of"
"31a16a1a-bd97-4fbb-b9f4-da383fcff261","SCBI_014.20230417.HAELON.N","pathogen of"
"d05fe8bd-7ca8-4242-baf5-321a9ccc8cda","SCBI_014.20230417.HAELON.N","pathogen of"
"ba528a54-c9ff-4a7b-b2b2-27b0a60eb4ef","SCBI_014.20230417.HAELON.N","pathogen of"
"cbddd55a-42ff-4b3d-8b1e-db4dc25de41d","SCBI_014.20230417.HAELON.N","pathogen of"
"5690a865-3b44-46e8-9e19-b90520780386","SCBI_014.20230417.HAELON.N","pathogen of"
"5ed89193-3e5e-4947-82a9-9fd8d3b423e6","SCBI_014.20230417.HAELON.N","pathogen of"
"be28b76c-f9b5-4ca8-8894-e8f067ad147b","SCBI_014.20230417.HAELON.N","pathogen of"
"714153f0-7d38-417c-84e8-695110e77bf1","SCBI_014.20230417.HAELON.N","pathogen of"
"18a7cf53-2801-4801-8d8d-880a3a988b39","SCBI_014.20230417.HAELON.N","pathogen of"
"0b3e734a-87ce-4bd1-9641-f8b1be28f9de","SCBI_014.20230417.HAELON.N","pathogen of"
"97949ca5-5d01-43c4-9aa2-b104575dc2ad","SCBI_014.20230417.HAELON.N","pathogen of"
"61b399d5-86e2-4a7f-a429-e28834cfc71a","SCBI_014.20230417.HAELON.N","pathogen of"
"1c69295f-5ed0-4199-a532-3b3e48b32468","SCBI_014.20230417.HAELON.N","pathogen of"
"b3010f59-fbb2-4658-a654-db988f707004","SCBI_014.20230417.HAELON.N","pathogen of"
"fe4ac2b3-2ace-4145-80d0-51f2dd406cc1","SCBI_014.20230417.HAELON.N","pathogen of"
"708f5188-9c1e-43f5-9ff7-b7f7b1d3c5bc","SCBI_014.20230417.HAELON.N","pathogen of"
"9d8a1f89-ba2b-4bab-b6e3-0197a1727a56","SCBI_014.20230417.HAELON.N","pathogen of"
"f800f4fb-264c-49fa-beba-f6a2d7c3a545","SCBI_014.20230417.HAELON.N","pathogen of"
"872ba958-b333-46af-980e-369393096c6a","SCBI_014.20230417.HAELON.N","pathogen of"
"c7faf263-4f36-49dd-a0da-b0e61a7e0097","SCBI_014.20230417.HAELON.N","pathogen of"
"5af4f043-ae03-416c-a57b-256d0a288df5","SCBI_014.20230417.HAELON.N","pathogen of"
"973769c9-909f-4a3e-8a3d-46b19ae2ff8c","SCBI_014.20230417.HAELON.N","pathogen of"
"50a05486-3b89-4b59-a92b-6c501b91f3d7","SCBI_014.20230417.HAELON.N","pathogen of"
"52698db3-50cd-45a8-91d4-14b3ef1517d6","SCBI_014.20230417.HAELON.N","pathogen of"
"9ae858e6-b4d9-44d6-aa05-19fa35c20f93","SCBI_014.20230417.HAELON.N","pathogen of"
"2dc56f7f-2917-4af0-be84-f29d9076dc9c","SCBI_014.20230417.HAELON.N","pathogen of"
"411c6803-fd00-4790-b55b-08568de71934","SCBI_014.20230417.HAELON.N","pathogen of"
"4713f95b-3bad-412b-8aea-58232abfd1a8","SCBI_014.20230417.HAELON.N","pathogen of"
"e6ddf42e-eec8-450f-adc4-04746f88d5e1","SCBI_014.20230417.HAELON.N","pathogen of"
"8545cc21-e3e7-4425-8091-7b5ae4e3cbfa","SCBI_014.20230417.HAELON.N","pathogen of"
"2c4b207b-58b0-4f59-aaa2-0defa04a4520","SCBI_014.20230417.HAELON.N","pathogen of"
"74e7a556-ff97-4eb0-a46d-2a2ba3ce1e99","SCBI_014.20230417.HAELON.N","pathogen of"
"0e3259d2-06b3-4a57-ae9a-b43351b07321","SCBI_014.20230417.HAELON.N","pathogen of"
"ba94085f-837d-4cd8-9241-81f09de83a42","SCBI_014.20230417.HAELON.N","pathogen of"
"dcc569e0-a8b6-4602-ae91-4aa4ae7766cc","SCBI_014.20230417.HAELON.N","pathogen of"
"4e0834e9-4399-441b-98e2-aa115873791a","SCBI_014.20230417.HAELON.N","pathogen of"
"72ee2c2d-7b5c-431e-ac64-c96fc01935a2","SCBI_014.20230417.HAELON.N","pathogen of"
"c427c62d-d1e6-408f-adf4-bc6cc1beeef4","SCBI_014.20230417.HAELON.N","pathogen of"
"45e1c193-237b-4f7d-a72a-70627beca8e8","SCBI_014.20230417.HAELON.N","pathogen of"
"2434497b-9c5b-42b6-ad59-ee4336cf41f4","SCBI_014.20230417.HAELON.N","pathogen of"
"4e2290ec-61f5-491a-aa22-5bd997fabe58","SCBI_014.20230417.HAELON.N","pathogen of"
"25f3a1fe-71bf-4734-a939-ea181c8e5efd","SCBI_014.20230417.HAELON.N","pathogen of"
"03c3097e-5aae-4e1e-bce9-aa22302afa50","SCBI_014.20230417.HAELON.N","pathogen of"
"e4b3c34f-2744-4665-a373-127afcb7c4da","SCBI_014.20230417.HAELON.N","pathogen of"
"d1b13fe5-bdc4-4c31-91f1-66b31450c2b3","SCBI_014.20230417.HAELON.N","pathogen of"
"52b47a12-cdf2-47d8-b752-deba1be16b56","SCBI_014.20230417.HAELON.N","pathogen of"
"4c25aa92-9ec5-40ab-9f19-89b98e1462dd","SCBI_014.20230417.HAELON.N","pathogen of"
"54e099c6-c1cb-441a-b194-c8853250be69","SCBI_014.20230417.HAELON.N","pathogen of"
"17c2fce5-5040-4cdf-bbbb-38bbadd13529","SCBI_014.20230417.HAELON.N","pathogen of"
"6427f2ef-b483-4f19-a8a7-6ad76763293f","SCBI_014.20230417.HAELON.N","pathogen of"
"b1ecd45c-e16b-4fa1-b297-cc6f95e02954","SCBI_014.20230417.HAELON.N","pathogen of"
"49a086fa-a579-4b32-b4f9-1ed34cdbfaa4","SCBI_014.20230417.HAELON.N","pathogen of"
"9c65e359-e742-4d06-b196-0bffd0c4822b","SCBI_014.20230417.HAELON.N","pathogen of"
"6f613248-a9e1-426f-8479-24fd5a8f1b58","SCBI_014.20230417.HAELON.N","pathogen of"
"2a8cc7d9-48fb-46e4-b09e-eb1875c30cf4","SCBI_014.20230417.HAELON.N","pathogen of"
"c84baa61-3803-45e4-a308-fe8eb28c0ebd","SCBI_014.20230417.HAELON.N","pathogen of"
"5e0c1cba-aa7f-4fc1-a159-dad1583f1c2f","SCBI_014.20230417.HAELON.N","pathogen of"
"e067d673-b231-4bbb-818e-3a09205b714b","SCBI_014.20230417.HAELON.N","pathogen of"
"069ea7e9-519b-433e-9bd7-75dba8778c90","SCBI_014.20230417.HAELON.N","pathogen of"
"4dffbd65-2e21-498d-a534-2cd2e7d2b889","SCBI_014.20230417.HAELON.N","pathogen of"
"06c531fc-8d34-4f26-9b32-693ac6bb5d58","SCBI_014.20230417.HAELON.N","pathogen of"
"68ad1e82-0eac-4396-bd70-dd282f9f8919","SCBI_014.20230417.HAELON.N","pathogen of"
"a2757bd9-e8f2-49d5-9a9d-d38ad9ef5758","SCBI_014.20230417.HAELON.N","pathogen of"
"34dd2ec7-5bee-416f-a7af-d0a6b345978a","SCBI_014.20230417.HAELON.N","pathogen of"
"3ea9338d-69b3-4a1a-965f-289fa7a6c009","SCBI_014.20230417.HAELON.N","pathogen of"
"89419396-94a2-489a-8d00-6ff6f53da97d","SCBI_014.20230417.HAELON.N","pathogen of"
"d1e075e4-3045-4027-99af-3f9427a730be","SCBI_014.20230417.HAELON.N","pathogen of"
"71f26147-c40a-4122-98f9-a66267a79b1f","SCBI_014.20230417.HAELON.N","pathogen of"
"5266568c-29f5-4da8-9d2b-c5d36d3aba61","SCBI_014.20230417.HAELON.N","pathogen of"
"3d933ebb-50b9-4e0a-af6a-da2b249df99a","SCBI_014.20230417.HAELON.N","pathogen of"
"b1b08560-d290-4246-819f-57b8ef280313","SCBI_014.20230417.HAELON.N","pathogen of"
"39ed26a5-4735-4a75-bc48-310dcb73d1af","SCBI_014.20230417.HAELON.N","pathogen of"
"0b6e9351-e204-4aac-8df4-602503f281ec","SCBI_014.20230417.HAELON.N","pathogen of"
"a186806e-33c7-4d4f-8579-9d07e2075493","SCBI_014.20230417.HAELON.N","pathogen of"
"bf1c8c61-7d6a-4a13-ad64-c701a1755963","SCBI_014.20230417.HAELON.N","pathogen of"
"a52f58af-11fe-4919-9d63-3027117e1d7b","SCBI_014.20230417.HAELON.N","pathogen of"
"a5aec349-f339-4c86-8bb0-bd68d1d23ec8","SCBI_014.20230417.HAELON.N","pathogen of"
"0336d6fc-640d-4542-bd0a-6ca2201787e0","SCBI_014.20230417.HAELON.N","pathogen of"
"4dc74792-d800-4e6b-a1d2-4d7db4a0e98a","SCBI_014.20230417.HAELON.N","pathogen of"
"570a0d0e-a349-436f-a2ab-e5271a4f65dd","SCBI_014.20230417.HAELON.N","pathogen of"
"193efd36-cbc1-41b1-b626-23953c6c0f0c","SCBI_014.20230417.HAELON.N","pathogen of"
"9000a8c3-27f8-464d-85d7-0a7a17aa56b1","SCBI_014.20230417.HAELON.N","pathogen of"
"37ded7d4-0f02-4442-80ea-d9f31ec57d78","SCBI_014.20230417.HAELON.N","pathogen of"
"a58ac293-b054-4466-8082-9e96044df958","SCBI_014.20230417.HAELON.N","pathogen of"
"b3ed650d-d34e-404e-a01d-4c34e91cb12c","SCBI_014.20230417.HAELON.N","pathogen of"
"1f599f10-c023-4f1a-84c8-a6c02b26050f","SCBI_014.20230417.HAELON.N","pathogen of"
"c4ff464e-0225-41d2-98d3-6a5372b3206e","SCBI_014.20230417.HAELON.N","pathogen of"
"361ffb21-f626-462e-b66b-44af9fe4d679","SCBI_014.20230417.HAELON.N","pathogen of"
"bc07bb0b-eb31-4365-8870-a35e128de9ca","SCBI_014.20230417.HAELON.N","pathogen of"
"73d88107-b7c6-4bee-a479-b93456f95f23","SCBI_014.20230417.HAELON.N","pathogen of"
"203d51d4-8291-45ef-a94f-88151dfbf12a","SCBI_014.20230417.HAELON.N","pathogen of"
"98bc7825-dfdb-47eb-92fe-f443875e5303","SCBI_014.20230417.HAELON.N","pathogen of"
"55c7e92e-c2d2-4715-ac58-4cdd3983cf17","SCBI_014.20230417.HAELON.N","pathogen of"
"a6c2ee7c-9245-46c1-9e63-33c6eced496b","SCBI_014.20230417.HAELON.N","pathogen of"
"12814e3f-4d30-445f-b49a-977f334cb27f","SCBI_014.20230417.HAELON.N","pathogen of"
"25cb00d4-992a-4d13-86d3-e9a1a62a5e5c","SCBI_014.20230417.HAELON.N","pathogen of"
"2ffb0225-f1a9-4477-be7e-a855994c3d20","SCBI_014.20230417.HAELON.N","pathogen of"
"dcdb4106-afb2-4af8-ae8c-9bfd6f2f0c5c","SCBI_014.20230417.HAELON.N","pathogen of"
"58ffd0b4-b6aa-44f0-8f43-7104ca04a52b","SCBI_014.20230417.HAELON.N","pathogen of"
"582973c7-a56e-4aa7-b1a4-553d021b8784","SCBI_014.20230417.HAELON.N","pathogen of"
"f62213a7-8d7c-4f9f-84fd-0ff5964c4d6a","SCBI_014.20230417.HAELON.N","pathogen of"
"e38147dd-523d-47aa-a33b-29e50e5d5506","SCBI_014.20230417.HAELON.N","pathogen of"
"4f51a7a2-76f0-42eb-aaee-2d788a2797ab","SCBI_014.20230417.HAELON.N","pathogen of"
"4ea6a02c-8f27-49a7-b72e-f34caafa6f3a","SCBI_014.20230417.HAELON.N","pathogen of"
"d0e8c5e2-f847-420f-b6b8-c1c2ae4540a2","SCBI_014.20230417.HAELON.N","pathogen of"
"71e0fd8e-4f90-4053-a2ff-cd6f12d1bd88","SCBI_014.20230417.HAELON.N","pathogen of"
"a2c2c5dc-324b-4dd0-b2a1-c413c85cf170","SCBI_014.20230417.HAELON.N","pathogen of"
"c0c979f3-9e33-4415-9932-fc2aa0354c38","SCBI_014.20230417.HAELON.N","pathogen of"
"50b87df8-ee11-46db-bf5a-716b857450e4","SCBI_014.20230417.HAELON.N","pathogen of"
"d51625f2-2d1a-477d-ac18-ab43593dc017","SCBI_014.20230417.HAELON.N","pathogen of"
"65619510-7b64-4e9c-b02c-53dae9f74151","SCBI_014.20230417.HAELON.N","pathogen of"
"2e798993-af95-4293-8d4d-08ffbb42e6e6","SCBI_014.20230417.HAELON.N","pathogen of"
"0963a8d3-017b-4820-b9bd-6e250461c0d1","SCBI_014.20230417.HAELON.N","pathogen of"
"cfe694f7-0238-4ea4-ad6c-fdb573cf0df9","SCBI_014.20230417.HAELON.N","pathogen of"
"ae3c1a32-b374-40c1-8d3e-e21952ddf53b","SCBI_014.20230417.HAELON.N","pathogen of"
"ae4edbba-60f9-459d-9c75-5c554f027700","SCBI_014.20230417.HAELON.N","pathogen of"
"c1a994a6-bb3d-476f-8fe4-001af2a318cf","SCBI_014.20230417.HAELON.N","pathogen of"
"dd54447f-a273-449e-a5bb-dc5ae923db49","SCBI_014.20230417.HAELON.N","pathogen of"
"5605e122-bceb-45e6-bc8d-0bbf2612a90a","SCBI_014.20230417.HAELON.N","pathogen of"
"f1cc45b4-8106-4efb-9c90-9b12206be5c7","SCBI_014.20230417.HAELON.N","pathogen of"
"f83fcf93-b608-4ee5-a573-65955f7cbd31","SCBI_014.20230417.HAELON.N","pathogen of"
"57439109-311b-490c-bbd5-f444bc91f11b","SCBI_014.20230417.HAELON.N","pathogen of"
"5b432b4d-02e3-4863-9928-d282bcb597aa","SCBI_014.20230417.HAELON.N","pathogen of"
"b4faef5f-0d95-430c-92ee-e488afb8d260","SCBI_014.20230417.HAELON.N","pathogen of"
"0ce6da19-2ba8-4121-a153-5bd910a40da5","SCBI_014.20230417.HAELON.N","pathogen of"
"84d9cd8d-52e6-48ab-a25f-0a0fa8715356","SCBI_014.20230417.HAELON.N","pathogen of"
"808b6bdc-9d83-4185-a100-954f63bad9e1","SCBI_014.20230417.HAELON.N","pathogen of"
"0c1d1488-e848-4a29-99ba-90a89a87dcde","SCBI_014.20230417.HAELON.N","pathogen of"
"8b93a4c5-4f0a-486e-bd06-e6807dde6119","SCBI_014.20230417.HAELON.N","pathogen of"
"1dcff040-3fc9-4071-a152-2d5017ca503e","SCBI_014.20230417.HAELON.N","pathogen of"
"13e29c99-9ea5-4e23-b6f7-541337a6123a","SCBI_014.20230417.HAELON.N","pathogen of"
"38495c80-725f-4211-90fc-ec7690366b28","SCBI_014.20230417.HAELON.N","pathogen of"
"e89cf071-4f50-4e24-8adf-8584ef7248c2","SCBI_014.20230417.HAELON.N","pathogen of"
"7df4ae32-d2ec-42b3-8463-15c44a89bdab","SCBI_014.20230417.HAELON.N","pathogen of"
"5fa3581b-5c46-4eac-a541-86c66eb8de95","SCBI_014.20230417.HAELON.N","pathogen of"
"2aef5fe6-a641-4677-a52a-777fc52dee3a","SCBI_014.20230417.HAELON.N","pathogen of"
"dd45dc73-8fec-4cce-9824-4c05cb5ffb29","SCBI_014.20230417.HAELON.N","pathogen of"
"33347779-632d-4e39-b053-fec72a6f8309","SCBI_014.20230417.HAELON.N","pathogen of"
"2716c615-c77e-4702-a3bd-1b9812cc77cb","SCBI_014.20230417.HAELON.N","pathogen of"
"320ce6b6-4384-4b57-9168-895531231e68","SCBI_014.20230417.HAELON.N","pathogen of"
"81547c5a-ae7f-42b5-8778-64ccc76c0d0b","SCBI_014.20230417.HAELON.N","pathogen of"
"3883d64b-ddc1-455c-931d-4f954928af72","SCBI_014.20230417.HAELON.N","pathogen of"
"c1c4c0d6-b38a-4354-a865-338f74a6e28e","SCBI_014.20230417.HAELON.N","pathogen of"
"edbc3002-8933-46d6-b79f-22792fde7898","SCBI_014.20230417.HAELON.N","pathogen of"
"ed031a88-3b16-40b6-9e77-ca6a2a79bec5","SCBI_014.20230417.HAELON.N","pathogen of"
"733075bf-4137-4a99-843e-998ed125f702","SCBI_014.20230417.HAELON.N","pathogen of"
"e75ac570-084c-469d-97d4-fda3308f852e","SCBI_014.20230417.HAELON.N","pathogen of"
"8ac933e0-bf59-470c-8101-b0e0d59a0b44","SCBI_014.20230417.HAELON.N","pathogen of"
"fd95c2db-1bbe-4c5a-a711-2e3acf4ec3ed","SCBI_014.20230417.HAELON.N","pathogen of"
"3b813f8a-dc6a-4791-884f-5aa94ac72ae0","SCBI_014.20230417.HAELON.N","pathogen of"
"597add0a-38e9-46e0-b5d2-0731a1c758d9","SCBI_014.20230417.HAELON.N","pathogen of"
"958d710f-08f9-4173-8669-6bfdec814ac3","SCBI_014.20230417.HAELON.N","pathogen of"
"fc64c09d-1896-42ff-a889-822de0aed1eb","SCBI_014.20230417.HAELON.N","pathogen of"
"a812944b-2c11-45c4-bdf1-f885bbbb3f4a","SCBI_014.20230417.HAELON.N","pathogen of"
"3386c3cf-0fa3-4403-9b0d-20dce4e3bd07","SCBI_014.20230417.HAELON.N","pathogen of"
"c6de3ba5-20d3-4435-837d-8f13ef0458f5","SCBI_014.20230417.HAELON.N","pathogen of"
"1965a345-0a00-459e-9c0e-158d771f7dc1","SCBI_014.20230417.HAELON.N","pathogen of"
"56b79126-1d4a-4909-8250-7f0b3e0966b7","SCBI_014.20230417.HAELON.N","pathogen of"
"6182c93c-03ec-4277-bcf1-dcc315fe95ac","SCBI_014.20230417.HAELON.N","pathogen of"
"fe66ef66-488e-4659-8305-5b60baf39bfa","SCBI_014.20230417.HAELON.N","pathogen of"
"6c948054-b1af-4774-8e17-af04cf9caf52","SCBI_014.20230417.HAELON.N","pathogen of"
"807542fd-02d1-4140-b889-de147bc2b997","SCBI_014.20230417.HAELON.N","pathogen of"
"c624c65a-dad9-44e9-953a-6faf02fc60e8","SCBI_014.20230417.HAELON.N","pathogen of"
"fc40f5da-09ae-4e46-a997-d099f66d7c0b","SCBI_014.20230417.HAELON.N","pathogen of"
"36376700-f027-4b0e-8b79-1dd5132365a4","SCBI_014.20230417.HAELON.N","pathogen of"
"3b0eeb6f-8ebb-4b3e-84a2-3c670215be59","SCBI_014.20230417.HAELON.N","pathogen of"
"94e2ad7d-8ce5-4b36-b46d-a7e7361b31f8","SCBI_014.20230417.HAELON.N","pathogen of"
"397d6e8d-454a-4f20-8d74-243a50dc5d38","SCBI_014.20230417.HAELON.N","pathogen of"
"6b1bb02b-30dc-4082-ac37-e49ee7486dd0","SCBI_014.20230417.HAELON.N","pathogen of"
"0bcd0b93-b76d-4702-a793-6d19d2cb5924","SCBI_014.20230417.HAELON.N","pathogen of"
"460fac7c-045b-4018-aec7-6a73cb270dc9","SCBI_014.20230417.HAELON.N","pathogen of"
"2d0b276e-911e-41e7-bf02-4e8f257acfa3","SCBI_014.20230417.HAELON.N","pathogen of"
"7b0c1d39-a920-46df-bfb4-3f985c31bf41","SCBI_014.20230417.HAELON.N","pathogen of"
"186719f5-29ac-4230-b91d-a7591b02f219","SCBI_014.20230417.HAELON.N","pathogen of"
"35b8deb8-21a1-46d1-b983-caa3434519a1","SCBI_014.20230417.HAELON.N","pathogen of"
"fe38de0b-4e5f-4008-a653-4e8994f44bd9","SCBI_014.20230417.HAELON.N","pathogen of"
"16f891a0-90e8-4b4e-a1da-2e64630b103a","SCBI_014.20230417.HAELON.N","pathogen of"
"247c1a41-4c24-4690-936d-bdf3053b5773","SCBI_014.20230417.HAELON.N","pathogen of"
"2a57ab5c-5c5d-45d9-8f93-17180c960b90","SCBI_014.20230417.HAELON.N","pathogen of"
"7f26bcbe-17cb-43dc-aaf1-7f3de033bb01","SCBI_014.20230417.HAELON.N","pathogen of"
"6b0a9f08-0209-4c4d-83ea-b9a759b33cc7","SCBI_014.20230417.HAELON.N","pathogen of"
"7d952fc7-aeb0-48f4-acf4-417993a3f6d6","SCBI_014.20230417.HAELON.N","pathogen of"
"56c0acab-2d11-4c41-9845-ede16ef0ed6b","SCBI_014.20230417.HAELON.N","pathogen of"
"86a94e0b-5697-411f-82a9-668b7fe0488b","SCBI_014.20230417.HAELON.N","pathogen of"
"45faeaa8-4a5f-4f90-86cb-a25867697400","SCBI_014.20230417.HAELON.N","pathogen of"
"6703e7ce-86f6-4ea8-a92b-85332ee067d6","SCBI_014.20230417.HAELON.N","pathogen of"
"675322ee-e8d7-41df-b509-3a203d7ed66b","SCBI_014.20230417.HAELON.N","pathogen of"
"eaf6c314-3ac6-4360-a8f0-ade8f9049f48","SCBI_014.20230417.HAELON.N","pathogen of"
"ca3981e2-7f63-4ecf-b731-c95c6c6e4ccc","SCBI_014.20230417.HAELON.N","pathogen of"
"6a05eb29-81ae-42ff-b977-7b47586f5bde","SCBI_014.20230417.HAELON.N","pathogen of"
"a60bd804-ed5a-4960-8c71-01bce39e6d7f","SCBI_014.20230417.HAELON.N","pathogen of"
"b6920dd6-1dd5-402c-81af-843a570a728b","SCBI_014.20230417.HAELON.N","pathogen of"
"ffa3b383-bd21-44d1-8807-de5c7157aaae","SCBI_014.20230417.HAELON.N","pathogen of"
"c533fcf2-ef36-4b9e-86c7-d0e19fcb7284","SCBI_014.20230417.HAELON.N","pathogen of"
"7e061adf-4ff1-40a8-80f2-1b8efed1e3be","SCBI_014.20230417.HAELON.N","pathogen of"
"0defc814-f174-4ff5-ad09-127c244925ca","SCBI_014.20230417.HAELON.N","pathogen of"
"984ac601-9367-4564-84eb-ace8b57073ad","SCBI_014.20230417.HAELON.N","pathogen of"
"645ab828-81eb-456a-9f23-b8d400e2f36b","SCBI_014.20230417.HAELON.N","pathogen of"
"18007f74-7e11-4873-8d96-c807748d0ef4","SCBI_014.20230417.HAELON.N","pathogen of"
"39ba4ad1-24aa-4300-8a51-78ac700078bc","SCBI_014.20230417.HAELON.N","pathogen of"
"d34c35ed-952e-4729-8f82-64dd24f39ed4","SCBI_014.20230417.HAELON.N","pathogen of"
"8d9db865-af52-4771-a3f4-690c820167d4","SCBI_014.20230417.HAELON.N","pathogen of"
"2792400c-9858-4b68-a055-507286b3008d","SCBI_014.20230417.HAELON.N","pathogen of"
"c3f3a4dd-8697-4be6-adba-e7e554cc1bdf","SCBI_014.20230417.HAELON.N","pathogen of"
"24d40dbd-fae0-4749-8207-edff6965ba16","SCBI_014.20230417.HAELON.N","pathogen of"
"df462606-4864-4ecb-8570-74c6e331b4e2","SCBI_014.20230417.HAELON.N","pathogen of"
"52caa740-f67d-4614-b187-0c0bbbc2f78d","SCBI_014.20230417.HAELON.N","pathogen of"
"a122bea9-3f7b-4dcf-a7bd-0b873da41528","SCBI_014.20230417.HAELON.N","pathogen of"
"2ae23166-e67a-4b6d-89e9-94462dde1322","SCBI_014.20230417.HAELON.N","pathogen of"
"488e903a-6617-4a9b-bb3f-3dd2a894f62c","SCBI_014.20230417.HAELON.N","pathogen of"
"5f0c3264-9b86-4f65-be98-40ae149f51c4","SCBI_014.20230417.HAELON.N","pathogen of"
"d64a71fd-abd3-431a-837e-7ec049042469","SCBI_014.20230417.HAELON.N","pathogen of"
"f6187050-4111-4175-a6eb-35121c71b278","SCBI_014.20230417.HAELON.N","pathogen of"
"5c845516-aab6-4b90-a104-a0570c45938b","SCBI_014.20230417.HAELON.N","pathogen of"
"8f53eeae-e4f3-4383-a73d-969121238f66","SCBI_014.20230417.HAELON.N","pathogen of"
"2e3779c2-0aa4-4c15-b346-2e51064d8ad0","SCBI_014.20230417.HAELON.N","pathogen of"
"1e65e720-ea6a-4ac6-9683-538e49ffd543","SCBI_014.20230417.HAELON.N","pathogen of"
"267570cd-3142-4670-acd9-37ea4ee9471b","SCBI_014.20230417.HAELON.N","pathogen of"
"5b099b34-36aa-4097-b956-edc1da46d194","SCBI_014.20230417.HAELON.N","pathogen of"
"4f974ce8-72b4-49ac-b2fa-6e0f4a8c14f2","SCBI_014.20230417.HAELON.N","pathogen of"
"1aa4485c-ca4e-46fe-adc9-0329b3386c96","SCBI_014.20230417.HAELON.N","pathogen of"
"a189bd0a-932a-4fab-98c1-8c640a71a6c4","SCBI_014.20230417.HAELON.N","pathogen of"
"393b1366-0a74-4f72-b231-8c70139579c2","SCBI_014.20230417.HAELON.N","pathogen of"
"33a8cbc2-c294-4f45-80ca-eea3fc683359","SCBI_014.20230417.HAELON.N","pathogen of"
"b1c923c2-678e-41e5-95ed-e45505736b23","SCBI_014.20230417.HAELON.N","pathogen of"
"149e3981-e057-4e2e-8171-e3c3536282eb","SCBI_014.20230417.HAELON.N","pathogen of"
"ded30941-83a7-45f9-863c-99cd4e993e3a","SCBI_014.20230417.HAELON.N","pathogen of"
"d660b468-9e82-4b93-a77e-e2a239821926","SCBI_014.20230417.HAELON.N","pathogen of"
"e2347ce1-dd55-41e6-a3f8-a74e4de11180","SCBI_014.20230417.HAELON.N","pathogen of"
"ac932ceb-bd62-42f3-bec2-9f09a08bf3c3","SCBI_014.20230417.HAELON.N","pathogen of"
"5cd64a1a-214f-4a18-a74c-f6ffa92be762","SCBI_014.20230417.HAELON.N","pathogen of"
"7bd62d3b-eeb5-4ebd-b87c-810eeb890727","SCBI_014.20230417.HAELON.N","pathogen of"
"f025d6db-0c82-4040-913f-1b65bffafd84","SCBI_014.20230417.HAELON.N","pathogen of"
"3ba2685a-8d05-4a5e-81be-150be26923f8","SCBI_014.20230417.HAELON.N","pathogen of"
"4555863f-8c17-4dd4-bc53-3733c9506224","SCBI_014.20230417.HAELON.N","pathogen of"
"7feee070-72c0-47eb-b8a0-f84e1063559a","SCBI_014.20230417.HAELON.N","pathogen of"
"243a368d-3f75-466a-8203-32bcc0028ef1","SCBI_014.20230417.HAELON.N","pathogen of"
"56eae846-a276-4070-b605-e763234ed2e9","SCBI_014.20230417.HAELON.N","pathogen of"
"ee832946-7ecb-493c-bec0-950f7e2e35e9","SCBI_014.20230417.HAELON.N","pathogen of"
"5d9f0ba6-dd8d-452d-8c18-7704cdf59c4b","SCBI_014.20230417.HAELON.N","pathogen of"
"584a8ee5-9b7c-4656-9c56-73c4b769f238","SCBI_014.20230417.HAELON.N","pathogen of"
"ded5a872-7f45-40e2-89a2-747ab1c34d21","SCBI_014.20230417.HAELON.N","pathogen of"
"90bbc099-8cd5-4bc1-87e8-616154d5da12","SCBI_014.20230417.HAELON.N","pathogen of"
"e2000388-b449-4935-a489-b3579f91ddcc","SCBI_014.20230417.HAELON.N","pathogen of"
"64b29df7-a43b-4fa8-aeac-f15719f4fb89","SCBI_014.20230417.HAELON.N","pathogen of"
"11b9a943-79b6-4250-86e9-0d3f562a57e3","SCBI_014.20230417.HAELON.N","pathogen of"
"b4a822a2-f246-493c-aebf-a0853806e2e1","SCBI_014.20230417.HAELON.N","pathogen of"
"bd9eb464-81db-437f-9024-f01ed324a742","SCBI_014.20230417.HAELON.N","pathogen of"
"e65d84ad-8cd2-42f9-af33-a4dff1956197","SCBI_014.20230417.HAELON.N","pathogen of"
"343503b1-268e-4db9-876c-412afb1e2a14","SCBI_014.20230417.HAELON.N","pathogen of"
"34e86a32-bda5-4f92-9631-c15c9e1483af","SCBI_014.20230417.HAELON.N","pathogen of"
"38076138-4b7a-4fdc-96b5-d8116cb09401","SCBI_014.20230417.HAELON.N","pathogen of"
"cc4c248d-a6c6-4e7b-a60c-ee7578bb83e8","SCBI_014.20230417.HAELON.N","pathogen of"
"706930c5-fa34-40de-bf34-bec9e4051354","SCBI_014.20230417.HAELON.N","pathogen of"
"bc43c742-16b6-4b19-a90a-9db03ca0d96e","SCBI_014.20230417.HAELON.N","pathogen of"
"9e5a558b-b5bd-4ca2-82fe-273fc42cd56d","SCBI_014.20230417.HAELON.N","pathogen of"
"1dfa01ff-afa4-4e14-911f-5614f65a46da","SCBI_014.20230417.HAELON.N","pathogen of"
"bc147290-d84d-4307-83dc-a5c53a14738f","SCBI_014.20230417.HAELON.N","pathogen of"
"e099b61f-4635-4ba3-b454-dd93e640b99d","SCBI_014.20230417.HAELON.N","pathogen of"
"ad4150d7-fa91-4c33-8e1c-99418a6d37cf","SCBI_014.20230417.HAELON.N","pathogen of"
"ddcf8022-0b7a-4820-add3-4121f7bddf99","SCBI_014.20230417.HAELON.N","pathogen of"
"e0b52449-7843-4dfc-9db2-f4732213eb21","SCBI_014.20230417.HAELON.N","pathogen of"
"68f61d16-1c98-48e9-8bf9-e4845e15c649","SCBI_014.20230417.HAELON.N","pathogen of"
"476202de-2c3c-4a7a-9c03-18fdb6b7b6b4","SCBI_014.20230417.HAELON.N","pathogen of"
"bb1a2b1d-9c33-49a8-a660-4db9539676aa","SCBI_014.20230417.HAELON.N","pathogen of"
"d2fe6e4c-8380-4fc8-80af-f2a066f669aa","SCBI_014.20230417.HAELON.N","pathogen of"
"e3bcd960-1f59-4e6a-a996-8e3ce2f8e413","SCBI_014.20230417.HAELON.N","pathogen of"
"b0236846-2742-4552-99ef-354601d4f62a","SCBI_014.20230417.HAELON.N","pathogen of"
"3919db8d-134b-42cc-af1c-d76d20f52133","SCBI_014.20230417.HAELON.N","pathogen of"
"3e2db1ec-8ad6-4874-ac1e-14252dfba67a","SCBI_014.20230417.HAELON.N","pathogen of"
"2da23789-a39b-4c94-a487-9bea494d04e4","SCBI_014.20230417.HAELON.N","pathogen of"
"eee4632e-ab49-46ac-9375-8bd9f00fd7a2","SCBI_014.20230417.HAELON.N","pathogen of"
"2b511b82-9170-403d-8995-cfcf183fb7d4","SCBI_014.20230417.HAELON.N","pathogen of"
"982dab35-5c21-485a-9584-2f3b463508fa","SCBI_014.20230417.HAELON.N","pathogen of"
"79522e30-0fca-4a30-80cf-69b5a8d2e9a4","SCBI_014.20230417.HAELON.N","pathogen of"
"7e0c0eb8-acef-44bb-baf2-5a752685ecee","SCBI_014.20230417.HAELON.N","pathogen of"
"3b6acf68-5bc8-4ade-9520-efb6a57b05d1","SCBI_014.20230417.HAELON.N","pathogen of"
"3dad669a-ed30-40d5-b010-e31251eac3ff","SCBI_014.20230417.HAELON.N","pathogen of"
"dfdb335b-0134-4fcf-a0ae-498b8c277a57","SCBI_014.20230417.HAELON.N","pathogen of"
"1995b9cd-a561-486a-86dd-79c0ae1ab756","SCBI_014.20230417.HAELON.N","pathogen of"
"57ab04ae-42ba-4c01-b96b-4c20c3ecdf75","SCBI_014.20230417.HAELON.N","pathogen of"
"787005e6-e800-4622-ac98-614438693676","SCBI_014.20230417.HAELON.N","pathogen of"
"0d552da8-b589-458d-94b2-71b9b81c4769","SCBI_014.20230417.HAELON.N","pathogen of"
"8852ca9c-143c-4ee6-8885-0ab16fbcaa8d","SCBI_014.20230417.HAELON.N","pathogen of"
"ccab9dac-19a2-4356-a687-9b72ff7126fa","SCBI_014.20230417.HAELON.N","pathogen of"
"e4de029a-b3e9-4e3e-9878-17355364a28f","SCBI_014.20230417.HAELON.N","pathogen of"
"898834ad-6082-4d58-9ca1-159462a06209","SCBI_014.20230417.HAELON.N","pathogen of"
"06530b2d-c7e7-4b96-adfa-76770a48795a","SCBI_014.20230417.HAELON.N","pathogen of"
"4670f3fd-9c00-46bb-bb84-f7a363b513cd","SCBI_014.20230417.HAELON.N","pathogen of"
"eed6fda1-115c-4723-a47b-a6b6cadf9f08","SCBI_014.20230417.HAELON.N","pathogen of"
"f6202e9a-9bda-4136-8e57-f23137058813","SCBI_014.20230417.HAELON.N","pathogen of"
"2cf3f61b-44d7-4498-ae58-eac280084e24","SCBI_014.20230417.HAELON.N","pathogen of"
"af823b82-7f10-4db9-a5e4-44e2f4664f3b","SCBI_014.20230417.HAELON.N","pathogen of"
"eddef233-5b34-4709-86cd-09b8ae134186","SCBI_014.20230417.HAELON.N","pathogen of"
"4536a471-133b-425a-8cf0-cb36d443c2dd","SCBI_014.20230417.HAELON.N","pathogen of"
"9a5eb803-0431-4984-937d-21ef5761d4bc","SCBI_014.20230417.HAELON.N","pathogen of"
"05bcc0ee-1f2a-4641-9ec9-a8c14d89ee20","SCBI_014.20230508.HAELON.N","pathogen of"
"ce2c6837-0484-4452-a925-5be8782817c0","SCBI_014.20230508.HAELON.N","pathogen of"
"18996d08-e893-461c-8b1a-55e2f91a3b92","SCBI_014.20230508.HAELON.N","pathogen of"
"9dc72f73-2017-45ca-822c-2e2df8cef664","SCBI_014.20230508.HAELON.N","pathogen of"
"46dc6a74-01fb-474e-903e-4c600acc1fdd","SCBI_014.20230508.HAELON.N","pathogen of"
"781f1d6d-8c7f-4e66-b708-52a720bdf98a","SCBI_014.20230508.HAELON.N","pathogen of"
"f841c1aa-0b16-48ab-b6ef-1a5717145f68","SCBI_014.20230508.HAELON.N","pathogen of"
"58fd9b27-22b2-40c1-a3d9-b9b7e763e617","SCBI_014.20230508.HAELON.N","pathogen of"
"e1b2bf61-0f7b-48a0-a207-2451f139ff23","SCBI_014.20230508.HAELON.N","pathogen of"
"0cc43860-54d9-44ef-82ce-03a0fa022f62","SCBI_014.20230508.HAELON.N","pathogen of"
"a0fe7fdd-6607-49b8-8119-70839d59b4de","SCBI_014.20230508.HAELON.N","pathogen of"
"724b04b9-27d8-4b7a-be88-464cf5e0e072","SCBI_014.20230508.HAELON.N","pathogen of"
"24243ad4-9813-4a55-822e-a1dac793c093","SCBI_014.20230508.HAELON.N","pathogen of"
"e0617c32-f98c-436f-b345-4bf8d6823b5c","SCBI_014.20230508.HAELON.N","pathogen of"
"9b5eb777-502d-434a-8761-5a1cca0c2191","SCBI_014.20230508.HAELON.N","pathogen of"
"8f8cac0f-d0da-4d62-aeb7-294a152feaed","SCBI_014.20230508.HAELON.N","pathogen of"
"b896b4c4-a0a9-4205-9179-87805f882114","SCBI_014.20230508.HAELON.N","pathogen of"
"449fdfda-a0b9-491c-80b5-b265742ee31f","SCBI_014.20230508.HAELON.N","pathogen of"
"ac05a2fe-8085-4c15-af92-65f1fd8c2256","SCBI_014.20230508.HAELON.N","pathogen of"
"19293df3-a7be-4e17-bab6-7589117f6a9f","SCBI_014.20230508.HAELON.N","pathogen of"
"ae767d75-c37b-4487-921e-40bedf85973d","SCBI_014.20230508.HAELON.N","pathogen of"
"167e7338-a7a6-47f5-8e9e-4095c63eccfb","SCBI_014.20230508.HAELON.N","pathogen of"
"f162ba94-bad5-4ef7-ae34-8736207b2685","SCBI_014.20230508.HAELON.N","pathogen of"
"45cbca0d-d5bd-48da-8b19-650fdaf6544e","SCBI_014.20230508.HAELON.N","pathogen of"
"d74589da-20e6-4a97-beb7-efe58cd9aca8","SCBI_014.20230508.HAELON.N","pathogen of"
"4d431b2c-7315-40bb-a7eb-8f47807530d1","SCBI_014.20230508.HAELON.N","pathogen of"
"501ff0af-9bc3-44f0-aa92-468de046b03b","SCBI_014.20230508.HAELON.N","pathogen of"
"f11b7207-ee17-4b58-b52f-a72322f4bf86","SCBI_014.20230508.HAELON.N","pathogen of"
"1b367099-e1f1-456a-94d6-d1d4ad8df39d","SCBI_014.20230508.HAELON.N","pathogen of"
"28ef0744-4ecb-4f22-8487-11ce19422877","SCBI_014.20230508.HAELON.N","pathogen of"
"e0f36bc9-7b01-444b-b7aa-11c0333ab41a","SCBI_014.20230508.HAELON.N","pathogen of"
"35d63989-5222-45fd-8e10-a5ecea4a6d1a","SCBI_014.20230508.HAELON.N","pathogen of"
"abfb5024-45cf-4b52-8371-356af86243ab","SCBI_014.20230508.HAELON.N","pathogen of"
"b783f98b-432d-4a22-8985-64f7ee633d66","SCBI_014.20230508.HAELON.N","pathogen of"
"b2cbc0f2-8dcf-413f-a372-eeb9d1163541","SCBI_014.20230508.HAELON.N","pathogen of"
"1277b837-fef2-47e5-91ff-b88b65d85ccf","SCBI_014.20230508.HAELON.N","pathogen of"
"85ba1efd-506a-4ac2-a204-d0a971ad03ca","SCBI_014.20230508.HAELON.N","pathogen of"
"5303b6e4-556c-46f6-8a84-29666cc55f99","SCBI_014.20230508.HAELON.N","pathogen of"
"f1f892ba-4615-4717-a8fd-269f767031c4","SCBI_014.20230508.HAELON.N","pathogen of"
"2081810a-0a93-4612-9b34-74f8ab9eb00b","SCBI_014.20230508.HAELON.N","pathogen of"
"a46c9c88-112b-45e4-99c1-f6ce694db9a5","SCBI_014.20230508.HAELON.N","pathogen of"
"27778019-4554-4e8b-b69f-743a38054ab5","SCBI_014.20230508.HAELON.N","pathogen of"
"a9403635-4799-4306-9b5f-49a784e2c678","SCBI_014.20230508.HAELON.N","pathogen of"
"30116f7e-7747-48d4-8591-e9865f468fd7","SCBI_014.20230508.HAELON.N","pathogen of"
"301e6f6e-1ef5-4262-a2ca-a190b593fb5a","SCBI_014.20230508.HAELON.N","pathogen of"
"264ac4f6-be15-4682-b52d-5957e950cbf4","SCBI_014.20230508.HAELON.N","pathogen of"
"44bc2484-37ca-4eef-8065-65438828fe14","SCBI_014.20230508.HAELON.N","pathogen of"
"a04e1e9b-fdeb-4c35-a2fb-9d88c3f33f40","SCBI_014.20230508.HAELON.N","pathogen of"
"f6b3aba9-1179-4ff0-b09e-874b229f46d2","SCBI_014.20230508.HAELON.N","pathogen of"
"ce483cda-3ead-40f7-90fa-f98e0230dc02","SCBI_014.20230508.HAELON.N","pathogen of"
"733766eb-c904-439b-9ed1-b6c4ca98cd33","SCBI_014.20230508.HAELON.N","pathogen of"
"d633df1e-5394-4a56-8a17-53c9a7d45d94","SCBI_014.20230508.HAELON.N","pathogen of"
"8adc922b-70da-46a0-9eea-dfa9435a148f","SCBI_014.20230508.HAELON.N","pathogen of"
"55a9dc13-16ec-49af-ae87-a885cfcad1ac","SCBI_014.20230508.HAELON.N","pathogen of"
"ee4fad6c-66d6-402c-af85-6fab802e373c","SCBI_014.20230508.HAELON.N","pathogen of"
"135d445b-8fb2-493f-ace6-e1cbdb53cd0b","SCBI_014.20230508.HAELON.N","pathogen of"
"1f31a289-35d4-4afe-9b6a-e252735f48c1","SCBI_014.20230508.HAELON.N","pathogen of"
"ad25e87e-6452-4808-8939-a13cb5297090","SCBI_014.20230508.HAELON.N","pathogen of"
"e32487a1-717e-4ad6-a7b9-8feaed45adbb","SCBI_014.20230508.HAELON.N","pathogen of"
"26555f67-b5a2-40a4-a679-d58cef762fc6","SCBI_014.20230508.HAELON.N","pathogen of"
"674a70a7-1518-407f-a8b7-2b1020c5e40d","SCBI_014.20230508.HAELON.N","pathogen of"
"002ef143-c7d6-48d8-b791-86a316cd6502","SCBI_014.20230508.HAELON.N","pathogen of"
"406a8c69-39ae-4a28-bdf7-5f30c5776ea8","SCBI_014.20230508.HAELON.N","pathogen of"
"f8c33f1f-ec53-4fa5-97f8-ebc44217eca7","SCBI_014.20230508.HAELON.N","pathogen of"
"cfe231f1-26e4-43ef-a092-177462e940b8","SCBI_014.20230508.HAELON.N","pathogen of"
"5841b986-d9a9-40f6-a217-5d6ecffa684c","SCBI_014.20230508.HAELON.N","pathogen of"
"e5cce2c9-4cb6-4593-862e-8a21738c2173","SCBI_014.20230508.HAELON.N","pathogen of"
"38c80af1-edae-4d48-ba24-eec04dca318c","SCBI_014.20230508.HAELON.N","pathogen of"
"658992e5-4593-4ddc-ae6a-ab0b314655bc","SCBI_014.20230508.HAELON.N","pathogen of"
"4e193953-0bc3-4416-960d-208e416e1dd8","SCBI_014.20230508.HAELON.N","pathogen of"
"71d11328-8047-44fc-a9b3-8c85217ecc3f","SCBI_014.20230508.HAELON.N","pathogen of"
"96bb0f0c-8819-42c1-9eea-57d615d4b544","SCBI_014.20230508.HAELON.N","pathogen of"
"a4e47c53-fec4-4a98-9f15-2ee24dc7eb5c","SCBI_014.20230508.HAELON.N","pathogen of"
"ea228dd0-f45f-429e-be49-cbdf4eeca1fc","SCBI_014.20230508.HAELON.N","pathogen of"
"7750d12a-87ca-406a-aa69-9c2c3b2b801e","SCBI_014.20230508.HAELON.N","pathogen of"
"1d4711bd-7da0-41c6-9ff3-90b77315843c","SCBI_014.20230508.HAELON.N","pathogen of"
"a059903c-6e3f-4781-8f2b-e289c04ccc8d","SCBI_014.20230508.HAELON.N","pathogen of"
"47ad6713-ce28-432c-ab9a-8d1d1062094e","SCBI_014.20230508.HAELON.N","pathogen of"
"12899a42-918a-4cf4-ad8e-a3c891d88f8e","SCBI_014.20230508.HAELON.N","pathogen of"
"3929c006-2a99-4144-80c0-9fb6496fa953","SCBI_014.20230508.HAELON.N","pathogen of"
"f55f2802-568d-4772-8922-fa57785d09c6","SCBI_014.20230508.HAELON.N","pathogen of"
"b4a9376d-e64f-42b4-bb04-435f7c81dd7d","SCBI_014.20230508.HAELON.N","pathogen of"
"5c23db6f-2824-4ca1-a61d-26712b052ae9","SCBI_014.20230508.HAELON.N","pathogen of"
"ce3f38b4-7815-4693-9e77-6683db760fd5","SCBI_014.20230508.HAELON.N","pathogen of"
"085b0025-a276-473c-bb4a-8db8ab5dbe25","SCBI_014.20230508.HAELON.N","pathogen of"
"3846cd84-0418-4ccc-95fa-9a027c9b5ccb","SCBI_014.20230508.HAELON.N","pathogen of"
"a6b68c2e-4ea6-4705-919c-acf7c0c0d539","SCBI_014.20230508.HAELON.N","pathogen of"
"1b5b41ac-896e-46bb-89be-30e67bcb5934","SCBI_014.20230508.HAELON.N","pathogen of"
"b5919b97-74aa-42f4-bde9-963e46efccca","SCBI_014.20230508.HAELON.N","pathogen of"
"bddcbb2e-180f-40da-bf71-cf640d9c4c60","SCBI_014.20230508.HAELON.N","pathogen of"
"7308e216-9054-43a0-b7ad-ed72c75276c2","SCBI_014.20230508.HAELON.N","pathogen of"
"7fce186d-62b2-4b9a-9096-76e9be0241c0","SCBI_014.20230508.HAELON.N","pathogen of"
"e3411ec0-fab6-4354-847f-1d66821c81f0","SCBI_014.20230508.HAELON.N","pathogen of"
"69c8aac6-8a8b-42d9-976d-6cdbb163f920","SCBI_014.20230508.HAELON.N","pathogen of"
"56737b0e-cd3b-433c-98d1-bdc9de917ca8","SCBI_014.20230508.HAELON.N","pathogen of"
"ac5b72aa-1396-48b3-b0dd-8edab83c06c0","SCBI_014.20230508.HAELON.N","pathogen of"
"41b7f83b-4415-47ba-9c42-5b7d0015482c","SCBI_014.20230508.HAELON.N","pathogen of"
"149e3c17-9efa-4b61-8cc5-185bc693d231","SCBI_014.20230508.HAELON.N","pathogen of"
"f679e23b-7467-4247-910e-f92c6ee15002","SCBI_014.20230508.HAELON.N","pathogen of"
"62a3e957-d669-468c-ab18-ed63f8bf850a","SCBI_014.20230508.HAELON.N","pathogen of"
"41f19ad0-094c-440b-bc49-5867ac23f87b","SCBI_014.20230508.HAELON.N","pathogen of"
"24efcdcf-508c-4fda-bd32-3aaf2244be81","SCBI_014.20230508.HAELON.N","pathogen of"
"5cc14768-046f-40bc-bd15-0b5f48a7db50","SCBI_014.20230508.HAELON.N","pathogen of"
"7860c7d4-ccc4-40ba-bcef-e2ffe429d389","SCBI_014.20230508.HAELON.N","pathogen of"
"98643232-9936-43c0-9ed6-0891ea3f72e5","SCBI_014.20230508.HAELON.N","pathogen of"
"d92ccd7a-f790-4628-96c4-01659ac88aae","SCBI_014.20230508.HAELON.N","pathogen of"
"2a13982b-74b4-4596-b521-3cc98413196a","SCBI_014.20230508.HAELON.N","pathogen of"
"1a22643d-88c1-4fa8-824b-d57b4611136e","SCBI_014.20230508.HAELON.N","pathogen of"
"0f23bdff-ea0a-48f9-b0be-f938be2a6cea","SCBI_014.20230508.HAELON.N","pathogen of"
"1173a6a4-bf05-457b-b230-ec21a889dbba","SCBI_014.20230508.HAELON.N","pathogen of"
"bb7e4bdb-673c-45f7-bee0-f12f7254b8f1","SCBI_014.20230508.HAELON.N","pathogen of"
"3acadd2f-3ea6-4071-912d-014f013a1395","SCBI_014.20230508.HAELON.N","pathogen of"
"6cf1bd33-7697-4bfd-aa5d-8df8e6945a2c","SCBI_014.20230508.HAELON.N","pathogen of"
"25db3984-2b5e-4d81-b880-215564ae1cdd","SCBI_014.20230508.HAELON.N","pathogen of"
"5b099f16-281c-4088-bfec-6e7192ef7f78","SCBI_014.20230508.HAELON.N","pathogen of"
"c2b418aa-4f8b-4b02-b6bd-8a7c3af6de60","SCBI_014.20230508.HAELON.N","pathogen of"
"369fdc74-9182-4b3f-8c48-2f5a83c16b89","SCBI_014.20230508.HAELON.N","pathogen of"
"c053fb43-9bb0-401c-b6c2-ac40992459f6","SCBI_014.20230508.HAELON.N","pathogen of"
"31146fc4-e441-4738-bb12-5a05985b29b6","SCBI_014.20230508.HAELON.N","pathogen of"
"43265d14-b497-42c7-a646-1fb649ff68eb","SCBI_014.20230508.HAELON.N","pathogen of"
"e0427a45-b4f8-4a3a-ba28-6bad3238a085","SCBI_014.20230508.HAELON.N","pathogen of"
"f95c7c17-6e54-41dc-ad8e-e3400d9fa259","SCBI_014.20230508.HAELON.N","pathogen of"
"0eae8ae6-2bdc-48f9-9945-fe989fe10ab3","SCBI_014.20230508.HAELON.N","pathogen of"
"79ba6a3f-f214-408d-94a9-af23aa28df93","SCBI_014.20230508.HAELON.N","pathogen of"
"5ad3c9ce-3832-4478-bbcb-ebb3963633cb","SCBI_014.20230508.HAELON.N","pathogen of"
"9bcc201d-0522-495e-9ca1-81b99e5d7d1f","SCBI_014.20230508.HAELON.N","pathogen of"
"35cacfb2-f6fe-4753-8959-9bb0e06aab80","SCBI_014.20230508.HAELON.N","pathogen of"
"a58421ed-91dd-4845-85ee-dcfa929a0b88","SCBI_014.20230508.HAELON.N","pathogen of"
"f0f9a83e-a8ac-401e-8b31-72d3bcf29fdc","SCBI_014.20230508.HAELON.N","pathogen of"
"1638cb48-1420-40da-9e7e-2f1794f10694","SCBI_014.20230508.HAELON.N","pathogen of"
"21607c3f-dc20-4d72-af49-7325edbb7589","SCBI_014.20230508.HAELON.N","pathogen of"
"d078d2bc-e9e3-4e59-8ac0-5ee171dcb4fb","SCBI_014.20230508.HAELON.N","pathogen of"
"3f9e3a58-2af6-42b1-ab82-770d2e023770","SCBI_014.20230508.HAELON.N","pathogen of"
"02d26bb7-46bc-4caa-b331-9d34ac75f1b0","SCBI_014.20230508.HAELON.N","pathogen of"
"525c55fc-a1e2-4713-8828-182b6de89dd7","SCBI_014.20230508.HAELON.N","pathogen of"
"465d89e2-1759-4969-87cc-e87086a94248","SCBI_014.20230508.HAELON.N","pathogen of"
"3e69db28-27b5-466c-ae20-a20bc0e4e50f","SCBI_014.20230508.HAELON.N","pathogen of"
"785d360d-23a8-4b52-a5f5-9fd096e80495","SCBI_014.20230508.HAELON.N","pathogen of"
"ef573c0b-c9b0-4778-be60-07b7ce708058","SCBI_014.20230508.HAELON.N","pathogen of"
"7053d518-5611-4738-8390-d81725fec7b7","SCBI_014.20230508.HAELON.N","pathogen of"
"848f27b6-bf66-49e4-a9ee-73178f193227","SCBI_014.20230508.HAELON.N","pathogen of"
"6c8c5861-72e0-4278-9e39-4c829a14e45e","SCBI_014.20230508.HAELON.N","pathogen of"
"bb3f540b-6629-4b6e-9f7c-ca6acf2d7c2e","SCBI_014.20230508.HAELON.N","pathogen of"
"4c85ec8c-167b-487d-b349-f4b61e673b60","SCBI_014.20230508.HAELON.N","pathogen of"
"4244b1f8-55d3-462a-bb01-8555d586c5ed","SCBI_014.20230508.HAELON.N","pathogen of"
"d9a69843-972b-4939-986b-9f9c7dcc45e8","SCBI_014.20230508.HAELON.N","pathogen of"
"394fcf0e-c8be-4401-aec9-e38abf2d34d4","SCBI_014.20230508.HAELON.N","pathogen of"
"d6dbff57-b19b-45e1-8b42-56df6a7fdaee","SCBI_014.20230508.HAELON.N","pathogen of"
"bfd8e43f-d779-4a22-a76f-e43ad91015e7","SCBI_014.20230508.HAELON.N","pathogen of"
"60762192-0ef3-4966-afcf-4f392fe9c752","SCBI_014.20230508.HAELON.N","pathogen of"
"57113e1a-1657-42ff-b706-c127091ba32c","SCBI_014.20230508.HAELON.N","pathogen of"
"01e0df32-f600-4c8b-9213-bf2097dae3b2","SCBI_014.20230508.HAELON.N","pathogen of"
"e509a2c4-e907-4df3-a62a-615b44720fa5","SCBI_014.20230508.HAELON.N","pathogen of"
"47207943-89ee-4e09-bc24-9579e2f43d22","SCBI_014.20230508.HAELON.N","pathogen of"
"a99ba6cc-6266-4da1-8c09-e38524ce99b7","SCBI_014.20230508.HAELON.N","pathogen of"
"bb561d09-7d39-428c-8f81-9a57b945a964","SCBI_014.20230508.HAELON.N","pathogen of"
"79da58f1-cb3b-4694-9ee2-4d32c05bcad5","SCBI_014.20230508.HAELON.N","pathogen of"
"5da3f9d4-800d-4867-94f2-417c08aea0c3","SCBI_014.20230508.HAELON.N","pathogen of"
"cec2e934-655b-48a0-abde-6a38eb7bd563","SCBI_014.20230508.HAELON.N","pathogen of"
"7185acac-1023-46cc-92b8-b13193ed8b0a","SCBI_014.20230508.HAELON.N","pathogen of"
"1a17e186-c92d-4e29-8b07-7237ae5d0d12","SCBI_014.20230508.HAELON.N","pathogen of"
"a79ee38b-0f47-46cf-837a-1382e5320896","SCBI_014.20230508.HAELON.N","pathogen of"
"76466621-d7e0-41da-ba1a-338650135217","SCBI_014.20230508.HAELON.N","pathogen of"
"12bef4a4-832f-4d30-9213-1c7a0dbdc84e","SCBI_014.20230508.HAELON.N","pathogen of"
"d124fc0f-a3a0-4e44-91f3-1823536369c8","SCBI_014.20230508.HAELON.N","pathogen of"
"e1c8e5ac-fc80-4542-9865-cc81c13b97e6","SCBI_014.20230508.HAELON.N","pathogen of"
"e5586e3b-3218-4323-8756-d0bd60ca8951","SCBI_014.20230508.HAELON.N","pathogen of"
"4b495473-63b6-49d5-a1fe-d7b021227cc5","SCBI_014.20230508.HAELON.N","pathogen of"
"24078588-2d47-455e-9144-74732243ecc9","SCBI_014.20230508.HAELON.N","pathogen of"
"38598563-a04c-483c-a95d-e8b80fb22555","SCBI_014.20230508.HAELON.N","pathogen of"
"91ec8fea-47d1-4f68-a7fb-34dee79d85f7","SCBI_014.20230508.HAELON.N","pathogen of"
"55e20edc-d2ef-4f45-b171-fd26ee695059","SCBI_014.20230508.HAELON.N","pathogen of"
"91db3990-3b17-44d6-b2a9-b8b0c86933ce","SCBI_014.20230508.HAELON.N","pathogen of"
"bf99b724-8926-4656-9548-a47ae0d5029d","SCBI_014.20230508.HAELON.N","pathogen of"
"0a17eb2f-dc50-45e8-b78f-5711329e034c","SCBI_014.20230508.HAELON.N","pathogen of"
"6344182e-9198-4af1-a98b-1562863f5c9c","SCBI_014.20230508.HAELON.N","pathogen of"
"6deb12a4-e16d-4ccb-97e2-09ea072ebfed","SCBI_014.20230508.HAELON.N","pathogen of"
"b83e59e8-0cbe-49d6-90ba-414d7fb0a14f","SCBI_014.20230508.HAELON.N","pathogen of"
"39bfb132-00ba-4139-8af3-44f9df618cbc","SCBI_014.20230508.HAELON.N","pathogen of"
"5f79275e-e0ea-4057-aed3-d52e84d7fea1","SCBI_014.20230508.HAELON.N","pathogen of"
"ac87e02f-41a9-4842-82b0-c7a817e7a1e2","SCBI_014.20230508.HAELON.N","pathogen of"
"4c41a737-5f3f-4ee6-ba32-596f34ef04ea","SCBI_014.20230508.HAELON.N","pathogen of"
"54cf1371-8d37-4195-99b8-f100aa42a188","SCBI_014.20230508.HAELON.N","pathogen of"
"f7967037-4255-4251-989a-f652522f74ef","SCBI_014.20230508.HAELON.N","pathogen of"
"0e7df7b7-3e26-4cb5-b67b-7361d75ac83c","SCBI_014.20230508.HAELON.N","pathogen of"
"bc6037e9-0278-433d-9798-c6fb4d9f997e","SCBI_014.20230508.HAELON.N","pathogen of"
"a6a400fa-0e46-4343-ae24-803ca9164322","SCBI_014.20230508.HAELON.N","pathogen of"
"57908c46-1089-472a-9a82-af20bd96689f","SCBI_014.20230508.HAELON.N","pathogen of"
"7eaaec73-3269-4338-87ad-3f360649a01e","SCBI_014.20230508.HAELON.N","pathogen of"
"4561ba86-aaa5-45bd-a61c-2cbc06bb7ea6","SCBI_014.20230508.HAELON.N","pathogen of"
"ce776535-c22c-4cdf-8093-d39bf756c179","SCBI_014.20230508.HAELON.N","pathogen of"
"8a349bef-1912-4e74-9012-a47f009cceb9","SCBI_014.20230508.HAELON.N","pathogen of"
"71be3bf4-3c38-41d2-9caa-66fbce9e60cb","SCBI_014.20230508.HAELON.N","pathogen of"
"7d501bc9-992c-4d53-9c23-d1b5b89fab88","SCBI_014.20230508.HAELON.N","pathogen of"
"5ffdc6c9-3199-4ad3-a20f-1387d84a269f","SCBI_014.20230508.HAELON.N","pathogen of"
"d2bbbf35-a3e1-42db-b10d-0f21725583cf","SCBI_014.20230508.HAELON.N","pathogen of"
"e2d9c2c8-018b-466b-9b42-afd3baac8316","SCBI_014.20230508.HAELON.N","pathogen of"
"2c3b984d-c4aa-4ecd-b41d-f1f648fae9f1","SCBI_014.20230508.HAELON.N","pathogen of"
"6a9d9930-4214-48ef-817e-b681c67ae6d1","SCBI_014.20230508.HAELON.N","pathogen of"
"3bd99591-40fc-42ba-b0b0-2bc74acce111","SCBI_014.20230508.HAELON.N","pathogen of"
"ba7b01e7-3e56-4a89-9962-ebbe3e891c55","SCBI_014.20230508.HAELON.N","pathogen of"
"e574a7df-1ed1-47e6-a63e-fed62fa7b505","SCBI_014.20230508.HAELON.N","pathogen of"
"4ae63625-4159-4a7c-ae64-1e3a126a3b93","SCBI_014.20230508.HAELON.N","pathogen of"
"1c7ced3a-d617-4c8b-926e-cdf3d16c355f","SCBI_014.20230508.HAELON.N","pathogen of"
"cb0885e9-b433-48eb-a2e3-1bff25884790","SCBI_014.20230508.HAELON.N","pathogen of"
"f256ccb4-f8b1-4138-b487-62011ee4f4d8","SCBI_014.20230508.HAELON.N","pathogen of"
"35f554c9-5966-49ec-bb22-45af9eb5f070","SCBI_014.20230508.HAELON.N","pathogen of"
"0d10d920-40c6-4d5b-8f0e-60a7c21c025d","SCBI_014.20230508.HAELON.N","pathogen of"
"eff41f9e-fe4d-421f-97d9-c46d298d154e","SCBI_014.20230508.HAELON.N","pathogen of"
"69e976b2-b0a3-4bfd-a517-7852c55c33ec","SCBI_014.20230508.HAELON.N","pathogen of"
"b5ff8711-2cae-4a40-bea2-f8d82dee48da","SCBI_014.20230508.HAELON.N","pathogen of"
"2130b248-a065-4dae-9cc1-8500ec2b47fc","SCBI_014.20230508.HAELON.N","pathogen of"
"539a188d-66dc-417f-91b0-42f437ab1e0a","SCBI_014.20230508.HAELON.N","pathogen of"
"84f321f4-a18a-41e5-a282-ebcb5ccab4e8","SCBI_014.20230508.HAELON.N","pathogen of"
"a636298a-37e0-4bd5-ac22-ed138bbcde9b","SCBI_014.20230508.HAELON.N","pathogen of"
"bd4ca8be-fd33-4b70-8dc7-3622c0bdecbd","SCBI_014.20230508.HAELON.N","pathogen of"
"49c86487-1be1-4a05-a863-e7bd354b2caf","SCBI_014.20230508.HAELON.N","pathogen of"
"0b5a3744-d1e5-41b3-a593-f8bae0c8689f","SCBI_014.20230508.HAELON.N","pathogen of"
"3a9680d9-5fc4-43ec-818b-6a0732abe40d","SCBI_014.20230508.HAELON.N","pathogen of"
"c69be2ee-c52d-45b1-ac4a-8af8cc4f0330","SCBI_014.20230508.HAELON.N","pathogen of"
"8179b648-a4d5-4a1f-b1bd-69c480fe7310","SCBI_014.20230508.HAELON.N","pathogen of"
"1f237ca8-7dba-4852-b00b-202eb4a7fafd","SCBI_014.20230508.HAELON.N","pathogen of"
"546c6d35-e5f8-4c13-8c9b-8cd309417434","SCBI_014.20230508.HAELON.N","pathogen of"
"0d67033e-542e-4b30-bd97-95b02f60935c","SCBI_014.20230508.HAELON.N","pathogen of"
"9400b18a-972e-476e-9d04-4fdb6c946731","SCBI_014.20230508.HAELON.N","pathogen of"
"fedeb1c7-8dc5-4b8e-8d79-7c0987193b43","SCBI_014.20230508.HAELON.N","pathogen of"
"f267d075-50e8-4eb5-9fb8-70fad89898d2","SCBI_014.20230508.HAELON.N","pathogen of"
"0a3e6bab-2017-464b-b3a1-6807cccffe82","SCBI_014.20230508.HAELON.N","pathogen of"
"0d83fc69-63c3-470a-8565-8613ff07e6bf","SCBI_014.20230508.HAELON.N","pathogen of"
"479d112e-b88b-4d24-a7a8-44a8f23eb7cd","SCBI_014.20230508.HAELON.N","pathogen of"
"3d69b983-5784-4860-8b4c-9461598722b5","SCBI_014.20230508.HAELON.N","pathogen of"
"6b6d058f-f2d8-462e-8fe6-339ac48c0167","SCBI_014.20230508.HAELON.N","pathogen of"
"b33dcad7-e5e6-4f59-83c3-1336a5187f43","SCBI_014.20230508.HAELON.N","pathogen of"
"bc8c7373-2dbc-4e22-bec6-cc194868302e","SCBI_014.20230508.HAELON.N","pathogen of"
"30a6f353-1f65-49f6-bb47-f2b7cf1425a7","SCBI_014.20230508.HAELON.N","pathogen of"
"a60e70d3-731c-4b63-a0a4-a328dc86ae06","SCBI_014.20230508.HAELON.N","pathogen of"
"f8c0db86-f6f4-4d64-b92e-b017f07abd42","SCBI_014.20230508.HAELON.N","pathogen of"
"2fedad57-64e7-45ce-8582-802fdb435dd3","SCBI_014.20230508.HAELON.N","pathogen of"
"47d88ca7-2cc1-4b76-b32c-4edc908530fe","SCBI_014.20230508.HAELON.N","pathogen of"
"7a41a35c-ef2c-44d1-ba87-fa35777d2456","SCBI_014.20230508.HAELON.N","pathogen of"
"f8cb54db-a286-45b0-bfb1-3340897fda3a","SCBI_014.20230508.HAELON.N","pathogen of"
"303bec96-7bb5-4702-a996-b4470f72f285","SCBI_014.20230508.HAELON.N","pathogen of"
"ad0a7c66-ff95-46b6-8827-969745edf1ea","SCBI_014.20230508.HAELON.N","pathogen of"
"c0b32d6e-a220-40c9-8843-a487f68adfc3","SCBI_014.20230508.HAELON.N","pathogen of"
"334da22c-23eb-4446-9ed3-aad44a0ea95d","SCBI_014.20230508.HAELON.N","pathogen of"
"971335b8-c25b-4073-8ec0-f4d1e4aade98","SCBI_014.20230508.HAELON.N","pathogen of"
"cef8bb9b-1537-4fbf-9525-324770467f3a","SCBI_014.20230508.HAELON.N","pathogen of"
"7b98cc43-e779-4bbb-abbf-b15a53201b84","SCBI_014.20230508.HAELON.N","pathogen of"
"39d08053-359e-48cc-8e75-ac1f75e5dd68","SCBI_014.20230508.HAELON.N","pathogen of"
"d8afd358-da41-4fb1-8f89-c797f2bcbadf","SCBI_014.20230508.HAELON.N","pathogen of"
"2e572973-3ad5-4e1b-b3c0-65f2115eedd5","SCBI_014.20230508.HAELON.N","pathogen of"
"58c7111d-e034-4b50-b513-ed4ee91ebdc5","SCBI_014.20230508.HAELON.N","pathogen of"
"96a1f513-9186-4cb9-bfe8-ca9c24503bdd","SCBI_014.20230508.HAELON.N","pathogen of"
"3f83a4d7-e570-4f5c-8491-5c9766880da6","SCBI_014.20230508.HAELON.N","pathogen of"
"72c3b959-215f-4ff1-a136-d3eb2593cb93","SCBI_014.20230508.HAELON.N","pathogen of"
"b89c8cf5-ad5e-454a-be18-5c50ce5687df","SCBI_014.20230508.HAELON.N","pathogen of"
"d5fdeeb1-226d-46f8-8a53-4e23bed2cd47","SCBI_014.20230508.HAELON.N","pathogen of"
"b27c43b5-2b99-4f88-aa96-b563f5bcfc8e","SCBI_014.20230508.HAELON.N","pathogen of"
"92c26a97-f105-4f3e-a606-bd8d2a59acd4","SCBI_014.20230508.HAELON.N","pathogen of"
"48ede193-1980-426f-9225-d4b80f2b656c","SCBI_014.20230508.HAELON.N","pathogen of"
"3dba2bc6-f08c-4b94-b364-e105288ba5bb","SCBI_014.20230508.HAELON.N","pathogen of"
"073954ca-59c3-4b7d-ba34-0e4d503c698c","SCBI_014.20230508.HAELON.N","pathogen of"
"1415534b-5ec7-4299-acca-aaf7c858d051","SCBI_014.20230508.HAELON.N","pathogen of"
"062750e0-183b-41d9-b82d-26c425971681","SCBI_014.20230508.HAELON.N","pathogen of"
"3ae20187-aa3c-47ee-9f42-7ea6590c40f8","SCBI_014.20230508.HAELON.N","pathogen of"
"c978bb66-6a70-4eff-a5a2-963b7dccd05a","SCBI_014.20230508.HAELON.N","pathogen of"
"50670e04-aa68-4acf-ba03-ea1ab5eacf79","SCBI_014.20230508.HAELON.N","pathogen of"
"83d3cc28-8cd1-4e8d-87ed-e3f0d21dfcb0","SCBI_014.20230508.HAELON.N","pathogen of"
"cb60f947-4d1e-43c6-8ddb-c1b3f05db6ca","SCBI_014.20230508.HAELON.N","pathogen of"
"91bc71b2-b0c6-447f-8f0d-ac42e9f72bed","SCBI_014.20230508.HAELON.N","pathogen of"
"c7aabc39-613d-48f5-9db3-7b12c69675a7","SCBI_014.20230508.HAELON.N","pathogen of"
"6788dfcf-aeca-4733-9e81-7afb5d04d7e2","SCBI_014.20230508.HAELON.N","pathogen of"
"5c825164-92cf-460c-8be5-0a82f3dfeb47","SCBI_014.20230508.HAELON.N","pathogen of"
"1425badb-ad31-49be-a988-575926ea2863","SCBI_014.20230508.HAELON.N","pathogen of"
"4f5d3f96-4fd8-4c29-a4cf-afb648b94c4f","SCBI_014.20230508.HAELON.N","pathogen of"
"e03c66cc-2f21-45d4-8e25-69589697e81a","SCBI_014.20230508.HAELON.N","pathogen of"
"0eaa92cd-b8d4-4896-9702-a4556874629a","SCBI_014.20230508.HAELON.N","pathogen of"
"5eb50f1b-818b-472d-85a9-74df3e10190a","SCBI_014.20230508.HAELON.N","pathogen of"
"85a06b24-0f95-48d3-b4a6-8f9e61e62fdf","SCBI_014.20230508.HAELON.N","pathogen of"
"7f0de4d5-1a48-4950-ba2d-6c76280a5aa1","SCBI_014.20230508.HAELON.N","pathogen of"
"60ed79c4-65b2-497b-b9f0-1e37929e5ab3","SCBI_014.20230508.HAELON.N","pathogen of"
"2540783b-44ad-4fa1-b496-fde289ad0a27","SCBI_014.20230508.HAELON.N","pathogen of"
"b0516cb9-a5dc-4b05-b844-6324bb219f97","SCBI_014.20230508.HAELON.N","pathogen of"
"55f0a0f9-d560-448f-b4ae-0c88cb6ad240","SCBI_014.20230508.HAELON.N","pathogen of"
"5d023adc-7f84-409d-ae1b-df59262c1fbe","SCBI_014.20230508.HAELON.N","pathogen of"
"a872db91-f537-4f8d-96ae-d90679d9bdd2","SCBI_014.20230508.HAELON.N","pathogen of"
"281c92fe-3e5e-4bc0-9e5d-be2638ca2957","SCBI_014.20230508.HAELON.N","pathogen of"
"7e884f1a-b7df-47c8-91fb-629945665530","SCBI_014.20230508.HAELON.N","pathogen of"
"526e731d-22bc-491a-bcda-0ca5dbfc3c15","SCBI_014.20230508.HAELON.N","pathogen of"
"c9c25ed9-6d28-4ab3-96dd-2691215d0855","SCBI_014.20230508.HAELON.N","pathogen of"
"d94157a0-9dd7-4859-9546-f12b29f91f99","SCBI_014.20230508.HAELON.N","pathogen of"
"23006d18-1608-45a5-8b10-cf6828e069df","SCBI_014.20230508.HAELON.N","pathogen of"
"17b6eeaa-c5c6-4419-8d3f-d3e7a6983435","SCBI_014.20230508.HAELON.N","pathogen of"
"b1de42df-4007-4e37-b89d-c1687bbb3b3b","SCBI_014.20230508.HAELON.N","pathogen of"
"c98e0ad9-9a49-418d-b86e-89e77689bbe9","SCBI_014.20230508.HAELON.N","pathogen of"
"266ed3ab-2436-43a7-890c-2576c1da3fe1","SCBI_014.20230508.HAELON.N","pathogen of"
"db95e466-09cd-4ae3-8c1a-a0b9104c68b9","SCBI_014.20230508.HAELON.N","pathogen of"
"4c5a61db-6d54-4962-9841-60fea1bf233d","SCBI_014.20230508.HAELON.N","pathogen of"
"24ae9c5e-6cfc-4390-a6d1-7db556d614b7","SCBI_014.20230508.HAELON.N","pathogen of"
"f90b31be-eb11-4e9c-8519-5c0f53be8fa3","SCBI_014.20230508.HAELON.N","pathogen of"
"e81293f4-7cf0-4940-9c05-f19b83f0352e","SCBI_014.20230508.HAELON.N","pathogen of"
"638c8005-9889-46da-b3c9-34b0e81c06e3","SCBI_014.20230508.HAELON.N","pathogen of"
"3e0da08e-1c17-440a-a354-39a1ac7fca92","SCBI_014.20230508.HAELON.N","pathogen of"
"9655c4d3-bb60-43d7-b72f-d1801bce5d08","SCBI_014.20230508.HAELON.N","pathogen of"
"f1d26a38-bdcb-4c5d-b785-ec834e2781cd","SCBI_014.20230508.HAELON.N","pathogen of"
"daa69f58-1e14-4aff-94f4-0b8a748fb92c","SCBI_014.20230508.HAELON.N","pathogen of"
"d0c5e2fa-d6c1-4afd-86e6-da5c9b95f748","SCBI_014.20230508.HAELON.N","pathogen of"
"c44c1ae2-f6b6-4931-9761-5f5645156ae7","SCBI_014.20230508.HAELON.N","pathogen of"
"00d0ec96-60df-465b-88c7-f035daf7a728","SCBI_014.20230508.HAELON.N","pathogen of"
"1dcaa41f-bdd5-4590-9c11-fcf510b1743b","SCBI_014.20230508.HAELON.N","pathogen of"
"c46dc976-557b-4bff-9359-df932b80af2b","SCBI_014.20230508.HAELON.N","pathogen of"
"bf1f9f7b-197f-455f-9c30-310ff7d5c791","SCBI_014.20230508.HAELON.N","pathogen of"
"8d89bc62-2572-4513-9154-13c1b358709e","SCBI_014.20230508.HAELON.N","pathogen of"
"9cd4accd-f928-4fde-8e1b-0cb2df679dc7","SCBI_014.20230508.HAELON.N","pathogen of"
"d7748887-de7c-443b-9cd7-9327298a4ba5","SCBI_014.20230508.HAELON.N","pathogen of"
"c8ecc57c-8933-4e3d-aa62-f4e04da4273c","SCBI_014.20230508.HAELON.N","pathogen of"
"f0515974-8c03-44ed-98e5-6d51f5643433","SCBI_014.20230508.HAELON.N","pathogen of"
"3aa7d6a0-994f-4ca2-b497-8a891dde63d7","SCBI_014.20230508.HAELON.N","pathogen of"
"71f0b6ac-9856-47d6-8014-d306c4f291fb","SCBI_014.20230508.HAELON.N","pathogen of"
"e4028e94-cd4b-45f1-943c-2a0e700addab","SCBI_014.20230508.HAELON.N","pathogen of"
"ec088e8a-fa32-4a8b-9a9c-bcd727550a5e","SCBI_014.20230508.HAELON.N","pathogen of"
"53032ac4-4121-4604-8097-e3c5ac712f42","SCBI_014.20230508.HAELON.N","pathogen of"
"bde69e6f-110e-43ef-a300-647c6dc305ae","SCBI_014.20230508.HAELON.N","pathogen of"
"e976e19b-417a-46e1-b354-44e8dea4fd73","SCBI_014.20230508.HAELON.N","pathogen of"
"e3acb96c-0c46-4cdd-8a12-1a4224014f3e","SCBI_014.20230508.HAELON.N","pathogen of"
"52803d44-18b7-4fce-a02b-139c05cf03fb","SCBI_014.20230508.HAELON.N","pathogen of"
"e76f2133-230d-4488-a3a1-fcaba1b16d27","SCBI_014.20230508.HAELON.N","pathogen of"
"93e1a563-1093-40fa-963b-b82c62c9386b","SCBI_014.20230508.HAELON.N","pathogen of"
"d65f3b43-60b8-40e1-b0e1-56ec21fa0ac8","SCBI_014.20230508.HAELON.N","pathogen of"
"b0a69b3d-761c-4c8b-96f2-3709b7491d21","SCBI_014.20230508.HAELON.N","pathogen of"
"f85a8d81-1ea6-430b-b60f-b15240802a00","SCBI_014.20230508.HAELON.N","pathogen of"
"554ec801-3703-44c1-921c-33c4c291b9b7","SCBI_014.20230508.HAELON.N","pathogen of"
"4c60758e-5433-4d85-b0a2-9cf39a61fc77","SCBI_014.20230508.HAELON.N","pathogen of"
"c8cb6afa-4c7b-4854-988a-e1d13f1d0c7a","SCBI_014.20230508.HAELON.N","pathogen of"
"889da1a3-0bba-4324-a526-59902f498b11","SCBI_014.20230508.HAELON.N","pathogen of"
"ce18f877-7cda-4702-b7c4-5e7eb4ed01c7","SCBI_014.20230508.HAELON.N","pathogen of"
"b528c0e6-00ee-4c34-a335-362a6850c0f2","SCBI_014.20230508.HAELON.N","pathogen of"
"f55f6e80-319a-4f44-8390-4f4a16280b6a","SCBI_014.20230508.HAELON.N","pathogen of"
"58fba90d-dda8-45d7-9b37-d2c1e19990cb","SCBI_014.20230508.HAELON.N","pathogen of"
"394997ea-ce77-409b-9f19-4d2b7b929c5d","SCBI_014.20230508.HAELON.N","pathogen of"
"545bfa87-6a3a-4692-a366-daac5da9ccc8","SCBI_014.20230508.HAELON.N","pathogen of"
"1fc56ac6-247b-4b8a-a1d1-79a1c0554fc7","SCBI_014.20230508.HAELON.N","pathogen of"
"a0894a0f-8a0d-4e04-af19-2278a3bb9f0f","SCBI_014.20230508.HAELON.N","pathogen of"
"682fe91f-729f-49c6-b789-5a34db1cb7bc","SCBI_014.20230508.HAELON.N","pathogen of"
"00d05a01-2b3b-496c-af89-4807a4ced28d","SCBI_014.20230508.HAELON.N","pathogen of"
"16165c1e-fb68-4830-9724-a2439cd90a0f","SCBI_014.20230508.HAELON.N","pathogen of"
"5022e861-e0de-478d-bbb7-6f8d94e400b1","SCBI_014.20230508.HAELON.N","pathogen of"
"3cbdd890-71b7-45ee-a105-ae1b770b8e8b","SCBI_014.20230508.HAELON.N","pathogen of"
"da507ac4-972f-41c9-a02c-1ec593a3b946","SCBI_014.20230508.HAELON.N","pathogen of"
"7a36db87-c4e8-4113-addb-5084040b2f33","SCBI_014.20230508.HAELON.N","pathogen of"
"c608e862-c29f-40b2-a305-d6213f2a82a9","SCBI_014.20230508.HAELON.N","pathogen of"
"771de46b-905e-43d8-8506-ca5e535a3cd0","SCBI_014.20230508.HAELON.N","pathogen of"
"6167e096-7a7d-4a8c-b66c-9834953f5a3a","SCBI_014.20230508.HAELON.N","pathogen of"
"c70fa522-f191-4405-a457-cee3da671ef8","SCBI_014.20230508.HAELON.N","pathogen of"
"f0491885-1fd0-4afa-940d-0b6fc66c0a4d","SCBI_014.20230508.HAELON.N","pathogen of"
"5a15f0a7-8469-4787-bebf-76ff4015f0e2","SCBI_014.20230508.HAELON.N","pathogen of"
"6dcff27e-d144-4f0d-8784-ec6bfcf55fdb","SCBI_014.20230508.HAELON.N","pathogen of"
"27f82d5a-4470-4698-961d-63bf2181ff73","SCBI_014.20230508.HAELON.N","pathogen of"
"8c75848b-be4a-4239-a437-272fd0095fab","SCBI_014.20230508.HAELON.N","pathogen of"
"6a6f374e-5d9a-41ae-aa08-fdffff6df927","SCBI_014.20230508.HAELON.N","pathogen of"
"ce11f533-f264-4900-92be-591fd135cc83","SCBI_014.20230508.HAELON.N","pathogen of"
"25de72a6-59d8-4d2b-9ede-b675f8c660dd","SCBI_014.20230508.HAELON.N","pathogen of"
"396222d2-e62f-40c2-8700-f8895b808c14","SCBI_014.20230508.HAELON.N","pathogen of"
"becc888b-5058-4d4e-9c30-64a4666f9308","SCBI_014.20230508.HAELON.N","pathogen of"
"efdd6910-0957-43b1-83f0-0ec69fc88647","SCBI_014.20230508.HAELON.N","pathogen of"
"123ae764-7376-40ad-81ea-6d38a3aeece9","SCBI_014.20230508.HAELON.N","pathogen of"
"185c5659-ae03-4d80-be62-7371106ece6b","SCBI_014.20230508.HAELON.N","pathogen of"
"9d0c9ded-a137-40fd-b229-3768b810d389","SCBI_014.20230508.HAELON.N","pathogen of"
"af4cc0da-c449-4436-b153-3ad3ae347bf1","SCBI_014.20230508.HAELON.N","pathogen of"
"27381d9c-e997-46fe-a891-93a4c8d1e118","SCBI_014.20230508.HAELON.N","pathogen of"
"e65a031b-0739-4b04-842e-5fcdeb5220d4","SCBI_014.20230508.HAELON.N","pathogen of"
"87b61c53-330f-4429-873a-89cff2a92747","SCBI_014.20230508.HAELON.N","pathogen of"
"25084ab8-25a3-426f-afa4-2bdd51685439","SCBI_014.20230508.HAELON.N","pathogen of"
"c1c388db-8cfa-4c90-8ff3-3b511ce7306e","SCBI_014.20230508.HAELON.N","pathogen of"
"8678b565-7f35-444e-94bf-5cea96724ad0","SCBI_014.20230508.HAELON.N","pathogen of"
"307590a3-3432-4321-9e9b-3d249cd7bcaa","SCBI_014.20230508.HAELON.N","pathogen of"
"30ec88e4-140a-4001-83a1-061643676425","SCBI_014.20230508.HAELON.N","pathogen of"
"48921a61-113d-49d1-b3c0-0ab94afc0e91","SCBI_014.20230508.HAELON.N","pathogen of"
"31f1f2b2-2648-4799-bf35-6b6c55f8c13f","SCBI_014.20230531.HAELON.N","pathogen of"
"3210537c-6959-4757-84bd-bc0f97221113","SCBI_014.20230531.HAELON.N","pathogen of"
"adab41fb-38d2-4bf8-a448-8b1b7ea31b07","SCBI_014.20230531.HAELON.N","pathogen of"
"403a6110-7778-43db-a178-97868dc8a354","SCBI_014.20230531.HAELON.N","pathogen of"
"0b3936a6-366f-4a5e-9b38-3072981cfc71","SCBI_014.20230531.HAELON.N","pathogen of"
"bb5b4f2d-5c91-40b2-bc16-194416043a5e","SCBI_014.20230531.HAELON.N","pathogen of"
"666f12c9-ab33-47c3-a76f-f2dd7586e1ac","SCBI_014.20230531.HAELON.N","pathogen of"
"0e21f7a5-88c4-4d65-a0b7-b5e05b1dbf63","SCBI_014.20230531.HAELON.N","pathogen of"
"83ee0c9d-b653-473d-beea-f3f134b04854","SCBI_014.20230531.HAELON.N","pathogen of"
"a36b38de-0dd1-4c3d-bc3c-51fd9aedff33","SCBI_014.20230531.HAELON.N","pathogen of"
"48110341-9121-4046-9714-f824823b1aa0","SCBI_014.20230531.HAELON.N","pathogen of"
"76e99f2a-9549-48e8-ab32-6d74134b41ae","SCBI_014.20230531.HAELON.N","pathogen of"
"6a63b7df-a2f2-42f4-8292-cbc5937d58c2","SCBI_014.20230531.HAELON.N","pathogen of"
"7ac1f1ba-59ec-4743-9b76-37df26a70fe7","SCBI_014.20230531.HAELON.N","pathogen of"
"e67e86a8-92d3-48f0-90c9-1ea814009e11","SCBI_014.20230531.HAELON.N","pathogen of"
"15aeaab3-a1cb-4753-8079-204a57e17729","SCBI_014.20230531.HAELON.N","pathogen of"
"ebbaf72b-ddee-404c-9509-9e9d19faa198","SCBI_014.20230531.HAELON.N","pathogen of"
"ed3f31bc-843f-4952-b73a-930f747a1101","SCBI_014.20230531.HAELON.N","pathogen of"
"b18b3891-c42e-4f07-a461-efdf192e1e9c","SCBI_014.20230531.HAELON.N","pathogen of"
"07844192-9488-4a0c-9393-42afd056300a","SCBI_014.20230531.HAELON.N","pathogen of"
"fbbb879f-d7d0-4760-a590-26f300784bf1","SCBI_014.20230531.HAELON.N","pathogen of"
"b79ed285-240b-45db-b69e-0103bd5fc2b3","SCBI_014.20230531.HAELON.N","pathogen of"
"1e1b5fb6-491e-4eca-b0da-d1f0364f58c2","SCBI_014.20230531.HAELON.N","pathogen of"
"8dffed0f-bb6e-447b-8949-e3092fb6c231","SCBI_014.20230531.HAELON.N","pathogen of"
"e2f708e3-8a97-4583-b6aa-2eed4f1d708e","SCBI_014.20230531.HAELON.N","pathogen of"
"1af4466d-d17c-4d6d-a4ab-200be176f520","SCBI_014.20230531.HAELON.N","pathogen of"
"e9b8d169-4597-4987-b68e-d21ee0dcd1b9","SCBI_014.20230531.HAELON.N","pathogen of"
"d8c03335-9354-40e6-8a21-26dc038562c1","SCBI_014.20230531.HAELON.N","pathogen of"
"35c9adee-beca-4f27-8eca-029ec6aa4ce2","SCBI_014.20230531.HAELON.N","pathogen of"
"7860a80c-2d46-4c46-92dc-e88c68dfded0","SCBI_014.20230531.HAELON.N","pathogen of"
"388c0191-58dc-4e98-b3e2-5105604a3e48","SCBI_014.20230531.HAELON.N","pathogen of"
"2e69863a-a456-4bdf-8a6b-c7c83e1e16cf","SCBI_014.20230531.HAELON.N","pathogen of"
"48c16dd1-0340-435b-8ab8-a47ccb420192","SCBI_014.20230531.HAELON.N","pathogen of"
"5c5e60a7-b26a-4a64-ac8b-c7420c408af0","SCBI_014.20230531.HAELON.N","pathogen of"
"997bfa6e-b250-4161-8bb5-03dbd623e510","SCBI_014.20230531.HAELON.N","pathogen of"
"23b42f5a-6b0b-451f-8548-1eacc4e08b44","SCBI_014.20230531.HAELON.N","pathogen of"
"b9877663-1f96-4185-8c3d-0bb30ab872dc","SCBI_014.20230531.HAELON.N","pathogen of"
"ff3e7d15-64f1-451e-afbf-432ea3abe36d","SCBI_014.20230531.HAELON.N","pathogen of"
"00cd5f91-0201-40a2-a148-8fbd2561358a","SCBI_014.20230531.HAELON.N","pathogen of"
"7cedb3e7-f9a6-4d6d-a6c3-db50d4b62aed","SCBI_014.20230531.HAELON.N","pathogen of"
"c0bb3f61-cf2c-43aa-b4a2-2f458baff90a","SCBI_014.20230531.HAELON.N","pathogen of"
"dd02580f-bde6-4d4b-9f13-d28bf76b3add","SCBI_014.20230531.HAELON.N","pathogen of"
"32d0ae2e-eaa6-42b8-85c0-c641e6e41f51","SCBI_014.20230531.HAELON.N","pathogen of"
"56b3602d-a2e4-416a-9bde-443433c9e9b0","SCBI_014.20230531.HAELON.N","pathogen of"
"b1247a7a-bfb3-4ced-b325-5748eacd850c","SCBI_014.20230531.HAELON.N","pathogen of"
"6d63e755-c040-4459-87eb-4cb10311bb1c","SCBI_014.20230531.HAELON.N","pathogen of"
"06d0d95d-6ec8-4494-95a7-84732d68af14","SCBI_014.20230531.HAELON.N","pathogen of"
"aaaa109a-921a-4cbd-8d46-de8ba315a9a7","SCBI_014.20230531.HAELON.N","pathogen of"
"2506b4db-5ca9-46a0-8ddb-6c7f1570f302","SCBI_014.20230531.HAELON.N","pathogen of"
"822c36ed-9e6a-4c3a-b223-72f0864aa4ce","SCBI_014.20230531.HAELON.N","pathogen of"
"418007af-9b00-4c0d-bc79-e1989c5684e8","SCBI_014.20230531.HAELON.N","pathogen of"
"8a8e7563-e2ae-4c40-9904-50e0a15fc489","SCBI_014.20230531.HAELON.N","pathogen of"
"3e4e2b38-62f3-45c3-9636-8e04d38bc096","SCBI_014.20230531.HAELON.N","pathogen of"
"dab92548-f8af-40a7-8ef9-9693896c75a1","SCBI_014.20230531.HAELON.N","pathogen of"
"30fc561e-2f01-4c84-aadd-7cc32cdbd8d7","SCBI_014.20230531.HAELON.N","pathogen of"
"17a5c13d-0339-43ba-9f34-42dd8a940070","SCBI_014.20230531.HAELON.N","pathogen of"
"5f212ea7-c190-4a85-afd9-a61fe9fa814a","SCBI_014.20230531.HAELON.N","pathogen of"
"c26733a0-d122-4507-832c-13b0ee371c9c","SCBI_014.20230531.HAELON.N","pathogen of"
"26d5f928-ed91-45a6-8fb1-3ae0146298fb","SCBI_014.20230531.HAELON.N","pathogen of"
"89341cd7-baef-4ed2-b553-25d8a667013b","SCBI_014.20230531.HAELON.N","pathogen of"
"640e3128-5cac-494d-a000-e5506ff7253f","SCBI_014.20230531.HAELON.N","pathogen of"
"e52818b0-b8c8-4f94-b0f3-b53619e5585a","SCBI_014.20230531.HAELON.N","pathogen of"
"22ffb6bb-abf2-4c62-9ed4-65d1eb9ea1a4","SCBI_014.20230531.HAELON.N","pathogen of"
"72101353-ce6f-44dc-b5e5-3e860e598db2","SCBI_014.20230531.HAELON.N","pathogen of"
"22944e7a-9322-4788-82ee-8f97bb040f42","SCBI_014.20230531.HAELON.N","pathogen of"
"85151d2d-969c-4770-a0f6-744403565637","SCBI_014.20230531.HAELON.N","pathogen of"
"1eb5aa3f-ecc9-4b45-ad77-1080835c06d7","SCBI_014.20230531.HAELON.N","pathogen of"
"b4d6c3fa-d44e-4276-94f9-b625c7b10b73","SCBI_014.20230531.HAELON.N","pathogen of"
"6020ccaf-6110-4787-8e7d-017ccd9e7c59","SCBI_014.20230531.HAELON.N","pathogen of"
"fdf3a6e8-e3c4-475c-9b6b-73f84c8bac49","SCBI_014.20230531.HAELON.N","pathogen of"
"bd2dbdf6-f40d-45d1-a787-361b67b35181","SCBI_014.20230531.HAELON.N","pathogen of"
"ae7abb90-548a-4d81-b7e3-0ad60399351d","SCBI_014.20230531.HAELON.N","pathogen of"
"9bab6f10-acf8-4de6-8afa-e4b53383f30b","SCBI_014.20230531.HAELON.N","pathogen of"
"9a1a1f00-78b6-4a87-b90f-ca0ab60c1b22","SCBI_014.20230531.HAELON.N","pathogen of"
"27183edd-fc86-4c4b-8448-6899f3c45d49","SCBI_014.20230531.HAELON.N","pathogen of"
"e983579e-7c90-4649-ba6b-1994392c0e04","SCBI_014.20230531.HAELON.N","pathogen of"
"454fe3bb-bd3a-453b-ae59-d87f6c868678","SCBI_014.20230531.HAELON.N","pathogen of"
"5a68e885-00b0-4498-a944-7b1bb7ebc748","SCBI_014.20230531.HAELON.N","pathogen of"
"8316048d-6aa8-4451-a591-95acf05c5c22","SCBI_014.20230531.HAELON.N","pathogen of"
"480607eb-b6b9-48e3-a47b-273116ff666f","SCBI_014.20230531.HAELON.N","pathogen of"
"b13fa7e1-a25c-46ce-ac08-2b9a3a603ba1","SCBI_014.20230531.HAELON.N","pathogen of"
"311bdd2d-8f64-4678-b150-49f2ba9dbdbb","SCBI_014.20230531.HAELON.N","pathogen of"
"8bae7c3f-9569-4c38-aa28-df3431ce88e5","SCBI_014.20230531.HAELON.N","pathogen of"
"8d2fde69-c96c-405e-a2d5-4e0248d778a5","SCBI_014.20230531.HAELON.N","pathogen of"
"883641bb-840a-49d6-8969-fabdd9919b48","SCBI_014.20230531.HAELON.N","pathogen of"
"6c3e18db-32eb-499a-973b-276816cb13e4","SCBI_014.20230531.HAELON.N","pathogen of"
"1f35a78e-6c1e-438b-80de-918cf3bd9e74","SCBI_014.20230531.HAELON.N","pathogen of"
"fdf9410a-6afc-4459-aed4-0a1b1dccba83","SCBI_014.20230531.HAELON.N","pathogen of"
"f52cc7ed-49f8-4a3e-9a0b-34c9e78b7a41","SCBI_014.20230531.HAELON.N","pathogen of"
"e55c1fdb-68be-41e3-9c06-a906f4fdbddd","SCBI_014.20230531.HAELON.N","pathogen of"
"5eadd4b8-cffe-4fa9-a652-992bfdefe778","SCBI_014.20230531.HAELON.N","pathogen of"
"0a3c1bbf-de7f-4e6e-953e-250f59fec0d5","SCBI_014.20230531.HAELON.N","pathogen of"
"a0bf2dfb-6fc7-4f97-bca1-ebe10afb95a7","SCBI_014.20230531.HAELON.N","pathogen of"
"4f44ce75-3b0f-4ea3-9d91-dc4c17592dc2","SCBI_014.20230531.HAELON.N","pathogen of"
"f78ea3ed-1036-466b-a7b8-b0c5f3217fe7","SCBI_014.20230531.HAELON.N","pathogen of"
"6e4375da-41bd-4550-96e6-7947afa340f5","SCBI_014.20230531.HAELON.N","pathogen of"
"e7709bd4-8bfc-40de-86b9-e8ad24d802cb","SCBI_014.20230531.HAELON.N","pathogen of"
"bb32bf82-809f-46ed-abe5-ddb25f60796c","SCBI_014.20230531.HAELON.N","pathogen of"
"eb211037-f08d-41c4-b292-d957b1bad739","SCBI_014.20230531.HAELON.N","pathogen of"
"11004f4d-25a5-4cc3-8bfa-eee53dd39572","SCBI_014.20230531.HAELON.N","pathogen of"
"b62b72cf-f126-45db-afb6-0b2d362f4a69","SCBI_014.20230531.HAELON.N","pathogen of"
"4790bea0-62a5-467b-972f-6d4e9f230bd0","SCBI_014.20230531.HAELON.N","pathogen of"
"be6f1753-f05d-4731-aefc-5f95eca52e5a","SCBI_014.20230531.HAELON.N","pathogen of"
"105f65ff-79c7-4775-90c8-204640961c95","SCBI_014.20230531.HAELON.N","pathogen of"
"899c6616-f149-4ffd-b3d9-72c1bce328fd","SCBI_014.20230531.HAELON.N","pathogen of"
"c4d5957d-0ad3-49fe-92b1-590bd0cd3dcf","SCBI_014.20230531.HAELON.N","pathogen of"
"66c726d8-d35e-481e-b8d0-2836cbe21e44","SCBI_014.20230531.HAELON.N","pathogen of"
"ead117d5-360b-48b0-bef4-e3427f119da8","SCBI_014.20230531.HAELON.N","pathogen of"
"4c239762-40d3-4a3a-ae01-a6a8ccf461d4","SCBI_014.20230531.HAELON.N","pathogen of"
"558561e4-cf86-4ada-9dce-e8749aa24b9e","SCBI_014.20230531.HAELON.N","pathogen of"
"95b80a85-fc98-4fcb-ba4a-6ae1272574dc","SCBI_014.20230531.HAELON.N","pathogen of"
"432d39c4-3ddc-480d-8cc6-2b466430904c","SCBI_014.20230531.HAELON.N","pathogen of"
"04dbb8b6-7f81-44bf-a8cf-99a985e83294","SCBI_014.20230531.HAELON.N","pathogen of"
"4d909a8d-b1dd-4037-a46e-5205355a25a9","SCBI_014.20230531.HAELON.N","pathogen of"
"d715220d-53e7-4250-850e-6d2a840b8bf0","SCBI_014.20230531.HAELON.N","pathogen of"
"4fb2dd59-ae80-4b12-893d-12af9cb20304","SCBI_014.20230531.HAELON.N","pathogen of"
"8beffc94-71d5-48bc-afeb-b12a9b5429b3","SCBI_014.20230531.HAELON.N","pathogen of"
"ff67b672-7c5d-4658-a923-9b428c1b01ec","SCBI_014.20230531.HAELON.N","pathogen of"
"ad4e37c4-5195-4457-9705-0271d4851c1c","SCBI_014.20230531.HAELON.N","pathogen of"
"315c9344-e95c-4ba3-b5c6-8efa57ed2915","SCBI_014.20230531.HAELON.N","pathogen of"
"4f0ab2cc-3460-4883-ad0a-97d4e5382a75","SCBI_014.20230531.HAELON.N","pathogen of"
"773cc636-8171-49ef-a212-855d63e1074a","SCBI_014.20230531.HAELON.N","pathogen of"
"d8876895-24ff-4aa4-985e-fc085ffc1a48","SCBI_014.20230531.HAELON.N","pathogen of"
"b99a0b82-7db0-401a-895d-e3fed3f7c7e2","SCBI_014.20230531.HAELON.N","pathogen of"
"681bd609-866f-4144-a0bc-8b44f8779d07","SCBI_014.20230531.HAELON.N","pathogen of"
"f09481f9-dc03-4a28-ad68-ee65b4c3f510","SCBI_014.20230531.HAELON.N","pathogen of"
"cd6a21ee-dd14-4845-ada2-f147695a3491","SCBI_014.20230531.HAELON.N","pathogen of"
"2591d013-f3b8-42ec-a8e6-938215d96b59","SCBI_014.20230531.HAELON.N","pathogen of"
"9c381ec8-fd0a-40e2-8f31-a1a1c26ff3f8","SCBI_014.20230531.HAELON.N","pathogen of"
"23f2a100-f4be-4cf6-b2c1-6c9e90b0866a","SCBI_014.20230531.HAELON.N","pathogen of"
"5a395ed3-1ca7-4584-828f-3284bb0450e2","SCBI_014.20230531.HAELON.N","pathogen of"
"f23d7601-0d71-4dcf-8dc4-0cf4760375e4","SCBI_014.20230531.HAELON.N","pathogen of"
"813e2069-5fe5-4439-8ee2-2ee1888522bb","SCBI_014.20230531.HAELON.N","pathogen of"
"0b024861-9235-4d9c-87ff-cce4520e4a6a","SCBI_014.20230531.HAELON.N","pathogen of"
"0be98f96-98fb-4b7e-92b5-09baf5cedc70","SCBI_014.20230531.HAELON.N","pathogen of"
"c34a1d76-f755-455e-8a0e-e1738f5bc627","SCBI_014.20230531.HAELON.N","pathogen of"
"b0a328c3-5b1e-43ed-9408-cf6cddf263ab","SCBI_014.20230531.HAELON.N","pathogen of"
"7582ad7c-0383-4cfc-aa70-7735fbaf170c","SCBI_014.20230531.HAELON.N","pathogen of"
"d56e7fa0-d2c8-4e8c-9a31-1a97c1a86fb0","SCBI_014.20230531.HAELON.N","pathogen of"
"d9f3fc49-5391-4648-98bd-77c47ad43d8e","SCBI_014.20230531.HAELON.N","pathogen of"
"7aeae463-564e-4a8f-ab9e-8b6ddb0d0868","SCBI_014.20230531.HAELON.N","pathogen of"
"93435306-a826-476c-8add-5048767bea3c","SCBI_014.20230531.HAELON.N","pathogen of"
"ca13dfd0-8ee9-469d-970a-9601c07383c2","SCBI_014.20230531.HAELON.N","pathogen of"
"443caf1a-eb46-4430-a832-9fdf5d4988b6","SCBI_014.20230531.HAELON.N","pathogen of"
"901af850-b7f6-4a33-9da4-b3485d6accfb","SCBI_014.20230531.HAELON.N","pathogen of"
"69a39b24-1244-4e9d-9b71-2d27b5a0ddd4","SCBI_014.20230531.HAELON.N","pathogen of"
"40dc15ba-84c2-43b6-8df3-3776e234706d","SCBI_014.20230531.HAELON.N","pathogen of"
"8690bd72-f809-4af8-be4d-f8ed83b36e75","SCBI_014.20230531.HAELON.N","pathogen of"
"15e97073-0e00-41bf-acc2-245d9ea7f2dd","SCBI_014.20230531.HAELON.N","pathogen of"
"ecd5de8b-83a3-4711-9ed6-7b1d3796f5e7","SCBI_014.20230531.HAELON.N","pathogen of"
"3be57e7a-8ed9-44d4-8a7e-dbe626e03820","SCBI_014.20230531.HAELON.N","pathogen of"
"793ac3ba-d8e1-4797-aee8-f96964bdb385","SCBI_014.20230531.HAELON.N","pathogen of"
"2480508c-123a-4bfb-997e-ab05346bce85","SCBI_014.20230531.HAELON.N","pathogen of"
"6eb370b1-9c1a-4513-a1b3-f6eb2d6fa5ed","SCBI_014.20230531.HAELON.N","pathogen of"
"9e7b3831-2752-420b-aa4f-b356a47dd678","SCBI_014.20230531.HAELON.N","pathogen of"
"06cbb752-9428-489f-a624-275f6a0efaa8","SCBI_014.20230531.HAELON.N","pathogen of"
"244b7043-d079-44b5-ab30-899a411b6e12","SCBI_014.20230531.HAELON.N","pathogen of"
"6f1dcd7a-10b9-431f-a094-b39681445a3b","SCBI_014.20230531.HAELON.N","pathogen of"
"2e71b764-8ac8-40b5-a330-9348d744f1e3","SCBI_014.20230531.HAELON.N","pathogen of"
"56233a66-fc96-47ab-9d01-34a4fe5d6715","SCBI_014.20230531.HAELON.N","pathogen of"
"cef6a76f-b580-4510-bfa9-221a3f7f8e90","SCBI_014.20230531.HAELON.N","pathogen of"
"67404049-63db-4d77-b26f-c7d813340597","SCBI_014.20230531.HAELON.N","pathogen of"
"533320b3-9e23-43d5-8c6d-4dd0d387357a","SCBI_014.20230531.HAELON.N","pathogen of"
"eff29286-c86d-48c7-be14-e936d5fd9703","SCBI_014.20230531.HAELON.N","pathogen of"
"6ef495f5-b4da-4b70-8eb9-a13355496a45","SCBI_014.20230531.HAELON.N","pathogen of"
"14b76423-1718-479c-9c70-6eea4ed470f7","SCBI_014.20230531.HAELON.N","pathogen of"
"d5de1ea2-3b1b-46d1-9895-052dc4c15bfe","SCBI_014.20230531.HAELON.N","pathogen of"
"eede1852-7f8a-4c85-ab9b-3142a693789b","SCBI_014.20230531.HAELON.N","pathogen of"
"1a789934-2afe-4afb-9645-ac187f566ae1","SCBI_014.20230531.HAELON.N","pathogen of"
"b079a83e-9d58-4eee-b13e-57955ded5887","SCBI_014.20230531.HAELON.N","pathogen of"
"8ff917b0-f186-4495-924f-7c4e46af3e8c","SCBI_014.20230531.HAELON.N","pathogen of"
"05b3675a-5481-4271-b1b7-939f20e06609","SCBI_014.20230531.HAELON.N","pathogen of"
"26a756cc-e86b-4414-be50-56a25fa27d77","SCBI_014.20230531.HAELON.N","pathogen of"
"fff056cf-495d-4114-a702-d75882288f66","SCBI_014.20230531.HAELON.N","pathogen of"
"62cd1bb9-9c7f-4e28-b141-02cccdd62310","SCBI_014.20230531.HAELON.N","pathogen of"
"19714d63-6158-4394-8ca5-f20759b205dc","SCBI_014.20230531.HAELON.N","pathogen of"
"4736462f-6aec-4050-9ffb-ed3c7471594b","SCBI_014.20230531.HAELON.N","pathogen of"
"f8fbe43b-60d3-4941-b214-a1af755175e7","SCBI_014.20230531.HAELON.N","pathogen of"
"12ef8f24-2b42-481c-9833-7ea4194ecc84","SCBI_014.20230531.HAELON.N","pathogen of"
"4b6304e7-1d60-492d-9cc8-f916b17ab7ee","SCBI_014.20230531.HAELON.N","pathogen of"
"1699438c-8644-4d9f-a852-3b73188881b8","SCBI_014.20230531.HAELON.N","pathogen of"
"7009adc0-288e-4a4f-9b1c-8aa6f11b09de","SCBI_014.20230531.HAELON.N","pathogen of"
"5395e571-0959-42f0-990a-f8f1acfd1e35","SCBI_014.20230531.HAELON.N","pathogen of"
"882f9c6f-1d20-4979-907e-d888b87ef145","SCBI_014.20230531.HAELON.N","pathogen of"
"6f5c5a3b-2ea6-40a1-8fb3-0e8c61e08f77","SCBI_014.20230531.HAELON.N","pathogen of"
"ab26db7d-c55d-4549-85be-354d14dc9190","SCBI_014.20230531.HAELON.N","pathogen of"
"6720cdd7-5c27-44df-9057-bc883aca38a1","SCBI_014.20230531.HAELON.N","pathogen of"
"acf75454-42d8-4fb0-a5c2-6e0e4372f897","SCBI_014.20230531.HAELON.N","pathogen of"
"f7d896cf-97bf-4047-a4c7-62457952cbd1","SCBI_014.20230531.HAELON.N","pathogen of"
"5b3ddab3-823f-42a6-b24b-aec17b1ca61f","SCBI_014.20230531.HAELON.N","pathogen of"
"6bb40ec0-c869-4e38-b3f6-195271f59559","SCBI_014.20230531.HAELON.N","pathogen of"
"c896f644-f007-4d77-bb83-34357a07834e","SCBI_014.20230531.HAELON.N","pathogen of"
"db1232c8-70a8-4075-8cbb-f0d08b3108af","SCBI_014.20230531.HAELON.N","pathogen of"
"8fa2a371-94b2-4f1b-8f1d-14b2040136d8","SCBI_014.20230531.HAELON.N","pathogen of"
"8d4dffce-5a33-4fb0-b380-8987de614da9","SCBI_014.20230531.HAELON.N","pathogen of"
"7d49c458-b35c-48b0-91a7-40ed51ba87ba","SCBI_014.20230531.HAELON.N","pathogen of"
"bac7caf0-9b2a-4f76-9adc-e59a317e84cf","SCBI_014.20230531.HAELON.N","pathogen of"
"48556210-32e1-4d1b-ab5e-046d72e6613c","SCBI_014.20230531.HAELON.N","pathogen of"
"c9a1cf22-c5af-49ea-b435-94f45627a846","SCBI_014.20230531.HAELON.N","pathogen of"
"8e1b6e1c-f755-4753-a7bd-e1716176459a","SCBI_014.20230531.HAELON.N","pathogen of"
"12fc7aab-7cd0-4db7-9048-bc9a5f01b63b","SCBI_014.20230531.HAELON.N","pathogen of"
"e393d95d-7418-4864-8b86-60b05711e5ed","SCBI_014.20230531.HAELON.N","pathogen of"
"395c5aab-0c67-404f-ba73-a7537204d144","SCBI_014.20230531.HAELON.N","pathogen of"
"cf441c6e-9124-4573-a259-c28340c9ad70","SCBI_014.20230531.HAELON.N","pathogen of"
"35e3eed9-a694-408e-9815-865b04e1efa4","SCBI_014.20230531.HAELON.N","pathogen of"
"1ca9228d-636d-4c1f-8487-a53f2c3b367c","SCBI_014.20230531.HAELON.N","pathogen of"
"f34ce701-3d56-4745-a99a-3263450f4433","SCBI_014.20230531.HAELON.N","pathogen of"
"74af6220-110a-4b4d-832b-d1002cfae946","SCBI_014.20230531.HAELON.N","pathogen of"
"d49d9762-1ed6-4d80-a951-51094e033245","SCBI_014.20230531.HAELON.N","pathogen of"
"3f37736f-479c-4e39-94c7-7d076c15c43e","SCBI_014.20230531.HAELON.N","pathogen of"
"e634b898-f69b-47c3-955f-fbca3ccaf587","SCBI_014.20230531.HAELON.N","pathogen of"
"6516b1a6-55b7-467d-9e14-7e054baa830f","SCBI_014.20230531.HAELON.N","pathogen of"
"ef45aaf8-53b4-40e9-8553-0d5983fd40f4","SCBI_014.20230531.HAELON.N","pathogen of"
"fe45d066-c589-4f8f-9372-05f359fa8500","SCBI_014.20230531.HAELON.N","pathogen of"
"7b9df5eb-4766-4eab-a97d-4d35800fb4c1","SCBI_014.20230531.HAELON.N","pathogen of"
"4e07db05-5f57-497d-a29f-f47288826252","SCBI_014.20230531.HAELON.N","pathogen of"
"626e9a91-620e-4df7-8f76-297c989b0de0","SCBI_014.20230531.HAELON.N","pathogen of"
"540848fc-5f4f-44ad-b2e1-5d528783186a","SCBI_014.20230531.HAELON.N","pathogen of"
"118ca639-c6b7-4ea0-bbb5-196ceba22852","SCBI_014.20230531.HAELON.N","pathogen of"
"e8e3aeb1-a8a8-4c40-a0d1-e508fb26c6ea","SCBI_014.20230531.HAELON.N","pathogen of"
"9e6571ff-e933-4506-ab4c-1dc932edd102","SCBI_014.20230531.HAELON.N","pathogen of"
"3eee02f6-c645-458b-b7dc-4dcd5ca55cfe","SCBI_014.20230531.HAELON.N","pathogen of"
"a1834fc2-860a-4ce1-a1e9-f26284a9a390","SCBI_014.20230531.HAELON.N","pathogen of"
"324db4ec-b84f-4284-9220-87dfd8f25712","SCBI_014.20230531.HAELON.N","pathogen of"
"ad537c7c-4310-4be7-b6c9-81d705490b3e","SCBI_014.20230531.HAELON.N","pathogen of"
"58096adc-0df0-415f-af51-f3b16ce3b9f8","SCBI_014.20230531.HAELON.N","pathogen of"
"3f19e6ef-2d88-4840-bbed-f8f9ff4745b4","SCBI_014.20230531.HAELON.N","pathogen of"
"846c4070-e0d8-4c1d-bd69-5f4efe49708f","SCBI_014.20230531.HAELON.N","pathogen of"
"f0be94d9-6c4c-42fd-95ca-6ff8e7862bf6","SCBI_014.20230531.HAELON.N","pathogen of"
"363190c4-e7e1-4f74-a1ad-92ec19f1c0b0","SCBI_014.20230531.HAELON.N","pathogen of"
"77a92dc1-31db-4ca6-b151-ad376daf61b6","SCBI_014.20230531.HAELON.N","pathogen of"
"57fcc55e-97b3-4f89-8470-121691385372","SCBI_014.20230531.HAELON.N","pathogen of"
"9f457775-3921-4552-ba4d-6c8dc86c11de","SCBI_014.20230531.HAELON.N","pathogen of"
"0df56402-e6e8-476a-9ff4-020f94dc852b","SCBI_014.20230531.HAELON.N","pathogen of"
"54f744de-25f7-421e-b42b-634b542192ec","SCBI_014.20230531.HAELON.N","pathogen of"
"42caae57-145f-41f3-88a9-7cd459738739","SCBI_014.20230531.HAELON.N","pathogen of"
"7fbc104c-e327-4260-95ac-87e9ec71e101","SCBI_014.20230531.HAELON.N","pathogen of"
"9cc53c7f-ab8a-41e4-b531-4505cb0e5dbb","SCBI_014.20230531.HAELON.N","pathogen of"
"8879d3c0-ab60-417f-bccd-4b1d6ddb7be5","SCBI_014.20230531.HAELON.N","pathogen of"
"eaa02c97-0443-4992-a491-a8bef28eeb85","SCBI_014.20230531.HAELON.N","pathogen of"
"80e8e6e1-a782-4811-b6ec-5727ecc6d3b9","SCBI_014.20230531.HAELON.N","pathogen of"
"47be3177-2360-4196-8e14-6b2372d372e1","SCBI_014.20230531.HAELON.N","pathogen of"
"cedf2a82-8576-4219-a548-6b67e47d908b","SCBI_014.20230531.HAELON.N","pathogen of"
"9585d9b4-5c43-4f09-815a-983f7b8a10cc","SCBI_014.20230531.HAELON.N","pathogen of"
"c6550523-d25f-4da6-a84a-3e1c8927decc","SCBI_014.20230531.HAELON.N","pathogen of"
"a096b83b-bff5-469c-8619-e7d370f783e2","SCBI_014.20230531.HAELON.N","pathogen of"
"55238c19-c68d-4eb1-8fff-e3b6637822a1","SCBI_014.20230531.HAELON.N","pathogen of"
"6aab62b1-0339-4eff-b413-2f3ecc3e6349","SCBI_014.20230531.HAELON.N","pathogen of"
"0db8f63a-a9cf-4c3a-9097-0bf153006f73","SCBI_014.20230531.HAELON.N","pathogen of"
"b1aa3b13-3871-49a3-8bd1-ae6b0ba4842d","SCBI_014.20230531.HAELON.N","pathogen of"
"48b0f56a-21b6-4870-9057-ceac527d86ae","SCBI_014.20230531.HAELON.N","pathogen of"
"27cf984e-5fe0-49ab-85fc-117d6715ce3e","SCBI_014.20230531.HAELON.N","pathogen of"
"1c95ee82-7141-4f73-9bb2-b1aa32d7c2b5","SCBI_014.20230531.HAELON.N","pathogen of"
"c0378323-d220-4f29-b676-5a68a70997f6","SCBI_014.20230531.HAELON.N","pathogen of"
"27969562-8267-4788-9115-4c2d0bd49eb7","SCBI_014.20230531.HAELON.N","pathogen of"
"8842cb7f-88c6-4646-9d4f-42fdd42d2a2f","SCBI_014.20230531.HAELON.N","pathogen of"
"91c845f9-1982-49ee-8afb-5810a438acbb","SCBI_014.20230531.HAELON.N","pathogen of"
"8c7cd2ba-4f7c-4601-a341-852874682347","SCBI_014.20230531.HAELON.N","pathogen of"
"40826828-4339-4948-89b4-e51eac44471d","SCBI_014.20230531.HAELON.N","pathogen of"
"66c78150-cbf1-47d9-890f-ea3a32332086","SCBI_014.20230531.HAELON.N","pathogen of"
"7b00e3b2-eda6-40a3-a302-4280bac51b56","SCBI_014.20230531.HAELON.N","pathogen of"
"ac405633-a0a2-43a5-83a0-2526cacd59e0","SCBI_014.20230531.HAELON.N","pathogen of"
"9bdf910f-d377-487e-a292-9f0aef4a5e0a","SCBI_014.20230531.HAELON.N","pathogen of"
"c284a520-ccd5-4144-a92a-55968f8e3677","SCBI_014.20230531.HAELON.N","pathogen of"
"05060528-4e69-4607-84db-6776735bb512","SCBI_014.20230531.HAELON.N","pathogen of"
"083bbe89-3833-46d8-9af8-e8b6549aa81f","SCBI_014.20230531.HAELON.N","pathogen of"
"77f2fcba-2d1d-4b3e-98af-5f4bc7724f9c","SCBI_014.20230531.HAELON.N","pathogen of"
"f91036b3-5c23-421e-a838-6efc7ccb43d5","SCBI_014.20230531.HAELON.N","pathogen of"
"5e6b3bf8-36c0-4393-9a97-67acdf50edf7","SCBI_014.20230531.HAELON.N","pathogen of"
"b9abd9b0-ad7d-47ff-b4c9-686088c379e4","SCBI_014.20230531.HAELON.N","pathogen of"
"a658594f-8ab1-45d0-8271-ee44dd068323","SCBI_014.20230531.HAELON.N","pathogen of"
"17e01429-1271-462c-86a5-bc4ad95691ab","SCBI_014.20230531.HAELON.N","pathogen of"
"b6f938eb-542b-4919-9606-71c7d66d2ce6","SCBI_014.20230531.HAELON.N","pathogen of"
"373ccbc4-6b08-4b44-a552-ed317db8751b","SCBI_014.20230531.HAELON.N","pathogen of"
"efe0b7e0-aed2-4900-8024-671317ef8674","SCBI_014.20230531.HAELON.N","pathogen of"
"c595f648-f1d7-42e4-bc0f-1657fdcbcdb2","SCBI_014.20230531.HAELON.N","pathogen of"
"0ea9801d-e411-407c-ad9e-bc0ca9609e95","SCBI_014.20230531.HAELON.N","pathogen of"
"bf2fdc75-5efa-4cc4-adac-1c6519c80ca8","SCBI_014.20230531.HAELON.N","pathogen of"
"825c4fd8-2e8e-4026-a602-de4aaf245af9","SCBI_014.20230531.HAELON.N","pathogen of"
"1d831588-c507-46bb-8571-0f3c74c90952","SCBI_014.20230531.HAELON.N","pathogen of"
"d05a7470-3fc8-4a38-b211-c91d130129c8","SCBI_014.20230531.HAELON.N","pathogen of"
"1153ed9c-df79-4da5-94e1-e1f2b6fd81b5","SCBI_014.20230531.HAELON.N","pathogen of"
"226a0566-f8df-4a15-b95f-214d7f7ffd2a","SCBI_014.20230531.HAELON.N","pathogen of"
"cc9dc774-94d1-4685-85e9-94639a3683b8","SCBI_014.20230531.HAELON.N","pathogen of"
"e36ecb93-e90a-4c6b-b6dd-3a97b668f7bf","SCBI_014.20230531.HAELON.N","pathogen of"
"b5fb36e3-1d02-4fc3-98e9-373f3d220015","SCBI_014.20230531.HAELON.N","pathogen of"
"ede63b0f-83b8-4910-84b4-3fec865b1582","SCBI_014.20230531.HAELON.N","pathogen of"
"3ae57a3f-e3a4-4a15-a5f7-f7b7cc463ab8","SCBI_014.20230531.HAELON.N","pathogen of"
"77dc1723-028e-46ce-a1f8-dc389aa40432","SCBI_014.20230531.HAELON.N","pathogen of"
"573245e3-2297-4aec-8977-8b5c598b97ea","SCBI_014.20230531.HAELON.N","pathogen of"
"54c7ad9d-0a44-4be0-bc90-8bbb6941c227","SCBI_014.20230531.HAELON.N","pathogen of"
"00f3d4eb-6db2-49df-b35b-faaf0cfb0977","SCBI_014.20230531.HAELON.N","pathogen of"
"51fcaa57-9aee-42c0-9ea5-9374155bff39","SCBI_014.20230531.HAELON.N","pathogen of"
"ab8ab3a4-1230-4727-ade3-0b570e12e08f","SCBI_014.20230531.HAELON.N","pathogen of"
"9b450d98-8861-43b3-9fb3-308b7711768f","SCBI_014.20230531.HAELON.N","pathogen of"
"b02fd7c8-7919-4166-a07a-23c9dab6ad94","SCBI_014.20230531.HAELON.N","pathogen of"
"11dafa27-79b9-4e54-a24a-de7a99cceee9","SCBI_014.20230531.HAELON.N","pathogen of"
"725f13bb-dd89-4cf1-86e5-ddee6ad6f4d8","SCBI_014.20230531.HAELON.N","pathogen of"
"14588c98-b5ef-4e9d-8d2c-0058f06c8c3d","SCBI_014.20230531.HAELON.N","pathogen of"
"82173c77-7093-4def-bc66-92df1f5ff53a","SCBI_014.20230531.HAELON.N","pathogen of"
"fefafce4-c347-4f36-9b6a-57414e7a3f81","SCBI_014.20230531.HAELON.N","pathogen of"
"324b0c03-71e0-4376-a432-687087ebd8b9","SCBI_014.20230531.HAELON.N","pathogen of"
"c32cb267-d9fb-4e8f-8916-72fa54a2dbce","SCBI_014.20230531.HAELON.N","pathogen of"
"567e433c-4130-46c1-bdc0-19431ed72ffc","SCBI_014.20230531.HAELON.N","pathogen of"
"5fcd8b2e-a734-4708-8618-27f85b08d875","SCBI_014.20230531.HAELON.N","pathogen of"
"235f2d95-0bf1-410a-8b54-c6ff1c514963","SCBI_014.20230531.HAELON.N","pathogen of"
"7e726408-f164-4792-8e64-2bdcf57559d2","SCBI_014.20230531.HAELON.N","pathogen of"
"bc2c1c3e-8413-47be-a0ef-6b7c5221de80","SCBI_014.20230531.HAELON.N","pathogen of"
"8c6f9e82-2bbb-4bac-84f0-0cc36426f749","SCBI_014.20230619.HAELON.N","pathogen of"
"46d2625d-ea51-46ae-8478-b9c466a45dc6","SCBI_014.20230619.HAELON.N","pathogen of"
"92977922-3a46-42b9-abfe-71cbbbbc6d12","SCBI_014.20230619.HAELON.N","pathogen of"
"21905c93-923f-48c9-a804-b1009eb481e5","SCBI_014.20230619.HAELON.N","pathogen of"
"cad0e032-2120-4997-9c4e-5db9c1833e21","SCBI_014.20230619.HAELON.N","pathogen of"
"5bdbcde6-234b-4f96-8ad3-61734762704e","SCBI_014.20230619.HAELON.N","pathogen of"
"51822b67-a78d-48f2-a719-b346287ecffc","SCBI_014.20230619.HAELON.N","pathogen of"
"fa20ac80-5d7b-4f22-8584-82949f6dc4c9","SCBI_014.20230619.HAELON.N","pathogen of"
"7cdc2ab7-3c8c-4530-9b86-5bb9155891c6","SCBI_014.20230619.HAELON.N","pathogen of"
"19136983-4301-4968-ac80-92b76cf33e9c","SCBI_014.20230619.HAELON.N","pathogen of"
"cab7959d-be6b-4e13-8bed-eb94a8dfe705","SCBI_014.20230619.HAELON.N","pathogen of"
"184fa339-e23d-4009-bc20-aa9e348326f6","SCBI_014.20230619.HAELON.N","pathogen of"
"70d37d1f-b159-4933-b0aa-56027ce5ba58","SCBI_014.20230619.HAELON.N","pathogen of"
"a52dc053-8c63-4b5b-a89f-aee95e7af1fb","SCBI_014.20230619.HAELON.N","pathogen of"
"4f29103a-67b2-446f-a67c-b820440d4020","SCBI_014.20230619.HAELON.N","pathogen of"
"84f5182a-e7eb-43e3-9d93-2c4660be8b2a","SCBI_014.20230619.HAELON.N","pathogen of"
"010df69e-4ade-47d7-92b4-2ff57baf9c7c","SCBI_014.20230619.HAELON.N","pathogen of"
"181380fd-8f0b-4565-9a96-640f0bf3360e","SCBI_014.20230619.HAELON.N","pathogen of"
"b20b709e-74c9-4117-858b-014bb60134d9","SCBI_014.20230619.HAELON.N","pathogen of"
"ad4a1c7d-c20f-4415-b6b5-778fb5422985","SCBI_014.20230619.HAELON.N","pathogen of"
"3e1d6309-f75e-47ee-98ba-4b07c7b2b04e","SCBI_014.20230619.HAELON.N","pathogen of"
"86546ee0-8940-409b-9853-cd6cbe4efe17","SCBI_014.20230619.HAELON.N","pathogen of"
"c1030e15-f732-4759-a443-6cfee6c0c3b8","SCBI_014.20230619.HAELON.N","pathogen of"
"bde3c97c-139d-4298-ac5a-fe1def0f11e1","SCBI_014.20230619.HAELON.N","pathogen of"
"2f6266c6-bc70-4b85-a94c-46f8809fee06","SCBI_014.20230619.HAELON.N","pathogen of"
"263df13b-23a6-4839-98b4-30e02f8d511b","SCBI_014.20230619.HAELON.N","pathogen of"
"2bf7adda-9aa9-419b-8880-56a8b03445f4","SCBI_014.20230619.HAELON.N","pathogen of"
"f41b6a26-0f31-4578-a0e0-54f5095e7a8a","SCBI_014.20230619.HAELON.N","pathogen of"
"4938476a-baee-4a15-b8f4-e7224631cb56","SCBI_014.20230619.HAELON.N","pathogen of"
"62133be2-c6e9-4d68-a62a-589b09754491","SCBI_014.20230619.HAELON.N","pathogen of"
"5b75f1ac-9d2c-40c2-945e-efe67225b9d4","SCBI_014.20230619.HAELON.N","pathogen of"
"e0dce3a2-1189-4a11-9c0d-8c5af944dbf8","SCBI_014.20230619.HAELON.N","pathogen of"
"09a78268-ebf0-49cc-af55-6f040d592bbf","SCBI_014.20230619.HAELON.N","pathogen of"
"252b6504-2089-4472-9992-c2f5c1f7187a","SCBI_014.20230619.HAELON.N","pathogen of"
"496a2d61-3ee6-4d1c-94a1-a174218ed40b","SCBI_014.20230619.HAELON.N","pathogen of"
"ca9d2636-1171-4e16-b30c-c48f3a764c50","SCBI_014.20230619.HAELON.N","pathogen of"
"a202e833-fec1-4c97-8996-0c29e75f78b9","SCBI_014.20230619.HAELON.N","pathogen of"
"059b0292-8bac-4afc-bf63-931c81e33b1b","SCBI_014.20230619.HAELON.N","pathogen of"
"2bc7fdee-7eb4-40d9-b3f2-1977fd5a67b4","SCBI_014.20230619.HAELON.N","pathogen of"
"4f0b2211-4b03-4099-be44-a05e16bcbb5d","SCBI_014.20230619.HAELON.N","pathogen of"
"5ef9187f-59c0-4b3a-860a-18d06cef80da","SCBI_014.20230619.HAELON.N","pathogen of"
"a41295bf-2fde-4526-b38f-c88cd6d5e9e8","SCBI_014.20230619.HAELON.N","pathogen of"
"0967c827-a67c-4862-887b-5b4c504c35a5","SCBI_014.20230619.HAELON.N","pathogen of"
"2183f90c-6e5b-46f8-ae62-8c68ca361bcc","SCBI_014.20230619.HAELON.N","pathogen of"
"8ad70d3b-0603-4f49-ac84-01e66c0759bb","SCBI_014.20230619.HAELON.N","pathogen of"
"93cf7cdc-5631-4f9d-a327-2038ada1ffc1","SCBI_014.20230619.HAELON.N","pathogen of"
"2d1f9fed-aace-4a42-9566-e4eac3cf315d","SCBI_014.20230619.HAELON.N","pathogen of"
"5e5a24d3-46b0-4e4d-8d47-6c072f071e72","SCBI_014.20230619.HAELON.N","pathogen of"
"dbb54cac-3422-4d95-8ae8-9a59d8f1a658","SCBI_014.20230619.HAELON.N","pathogen of"
"4e8eac07-f6bc-46b6-8f23-ebbc1126483a","SCBI_014.20230619.HAELON.N","pathogen of"
"fa567d0d-d9b4-47bd-a740-032b18939ef3","SCBI_014.20230619.HAELON.N","pathogen of"
"07e3ba63-0476-44b8-a2db-808c8b20f66f","SCBI_014.20230619.HAELON.N","pathogen of"
"65aae892-204f-47d6-b8c4-d9db4a20499b","SCBI_014.20230619.HAELON.N","pathogen of"
"76d72e43-62d5-4ac0-965a-6bf025ab7593","SCBI_014.20230619.HAELON.N","pathogen of"
"7f11cef5-bc16-4fdc-9c2a-bab320a7f3e7","SCBI_014.20230619.HAELON.N","pathogen of"
"5da4e39a-0005-4df6-b687-e99fd43f5765","SCBI_014.20230619.HAELON.N","pathogen of"
"cd82ac4a-dbaf-4a93-974c-2845285bf612","SCBI_014.20230619.HAELON.N","pathogen of"
"03c3503f-b731-4c16-a9bc-c184fb497b5a","SCBI_014.20230619.HAELON.N","pathogen of"
"da889c20-b274-4b6b-a991-3922c0d4cc27","SCBI_014.20230619.HAELON.N","pathogen of"
"f53b7237-9db2-4c5c-938f-f77b2e7e092a","SCBI_014.20230619.HAELON.N","pathogen of"
"182219cb-0cd7-48a1-95ca-7c7cf64157c6","SCBI_014.20230619.HAELON.N","pathogen of"
"87e09491-46d2-423a-b271-765da637f2ea","SCBI_014.20230619.HAELON.N","pathogen of"
"8155af85-ca9e-45b0-9403-25e93124360f","SCBI_014.20230619.HAELON.N","pathogen of"
"4edb399b-43de-4a9c-97bc-c5a867a3791f","SCBI_014.20230619.HAELON.N","pathogen of"
"1c5dad6d-0ee8-4941-9b8c-db2baabc614c","SCBI_014.20230619.HAELON.N","pathogen of"
"b9a82ea5-0c0d-455d-a9d2-e185e2b49e38","SCBI_014.20230619.HAELON.N","pathogen of"
"6f39e76a-1cd4-4fe4-a3ed-17cd1e08b29a","SCBI_014.20230619.HAELON.N","pathogen of"
"4b20335c-fc8e-4b72-b5c2-fc0b76707c5b","SCBI_014.20230619.HAELON.N","pathogen of"
"32615e2c-0131-492f-b1e5-e3d811a81705","SCBI_014.20230619.HAELON.N","pathogen of"
"91dbf90c-1633-4eb3-883a-4b9cd383b21d","SCBI_014.20230619.HAELON.N","pathogen of"
"da28dd45-69d6-464c-a0fb-e82678b95068","SCBI_014.20230619.HAELON.N","pathogen of"
"993eb158-62bf-49a0-a385-3986973ea363","SCBI_014.20230619.HAELON.N","pathogen of"
"ad39b9b1-f274-4b78-ba84-2fce4cf3988f","SCBI_014.20230619.HAELON.N","pathogen of"
"89118e50-79d6-4edb-8d24-0e38782b6f37","SCBI_014.20230619.HAELON.N","pathogen of"
"f502181c-4b3d-4d50-8fe6-117000b56b69","SCBI_014.20230619.HAELON.N","pathogen of"
"722a1fe9-d09f-4c3b-a038-cb5b959b75cd","SCBI_014.20230619.HAELON.N","pathogen of"
"02ce18c8-f2be-4972-b3f8-89f71df23e41","SCBI_014.20230619.HAELON.N","pathogen of"
"82823696-9c18-4147-ad83-255e56fabb95","SCBI_014.20230619.HAELON.N","pathogen of"
"4b72a0bb-424c-4fc9-8494-d9930016a3ab","SCBI_014.20230619.HAELON.N","pathogen of"
"8812eaef-9eb2-477b-b691-168fc74e6cfc","SCBI_014.20230619.HAELON.N","pathogen of"
"eea5165b-7db0-47b3-a3c2-64af0d9d9ff1","SCBI_014.20230619.HAELON.N","pathogen of"
"dd93ba13-b734-4812-ae3a-675d129b9e92","SCBI_014.20230619.HAELON.N","pathogen of"
"a674aa7f-0293-4b3e-9e9c-8db62e6a296e","SCBI_014.20230619.HAELON.N","pathogen of"
"c1861549-4a3e-495c-a6c3-32e917435324","SCBI_014.20230619.HAELON.N","pathogen of"
"0dde9df3-34b9-4e73-898f-e35317f675c4","SCBI_014.20230619.HAELON.N","pathogen of"
"b0bd506a-da91-4e2b-9d43-46500187b9bc","SCBI_014.20230619.HAELON.N","pathogen of"
"b37b495a-36b2-4c5a-9a7f-33bb11f6d7bd","SCBI_014.20230619.HAELON.N","pathogen of"
"b0296dbd-6eec-443c-affc-cbec6bd39e3d","SCBI_014.20230619.HAELON.N","pathogen of"
"a89544c3-455d-490e-b2b9-d2dfdc08b6ec","SCBI_014.20230619.HAELON.N","pathogen of"
"198b91f3-9c1a-465c-bf74-c71888f89d69","SCBI_014.20230619.HAELON.N","pathogen of"
"8fd2403a-475e-406c-844d-44d8f03c1a4c","SCBI_014.20230619.HAELON.N","pathogen of"
"30a6bf11-9e00-40e3-9a06-c7f77a398ddc","SCBI_014.20230619.HAELON.N","pathogen of"
"d483c5ed-d48b-46cb-855e-1ab44a39134c","SCBI_014.20230619.HAELON.N","pathogen of"
"f130b62c-9575-4219-9aaf-9fc3c61caecd","SCBI_014.20230619.HAELON.N","pathogen of"
"6fc305d0-f397-41aa-bb87-b97eba9f5639","SCBI_014.20230619.HAELON.N","pathogen of"
"2bc54be0-df17-4f52-a032-751587addd9a","SCBI_014.20230619.HAELON.N","pathogen of"
"5139249e-3584-42e8-b36c-a979b086f66a","SCBI_014.20230619.HAELON.N","pathogen of"
"0ad21f17-5ddc-41e1-a5fa-c8c675d2bcbf","SCBI_014.20230619.HAELON.N","pathogen of"
"c12f1e77-59dc-4754-8b19-0528e09a9abf","SCBI_014.20230619.HAELON.N","pathogen of"
"87c85a37-5405-472b-b4b9-eb10bb4e2edb","SCBI_014.20230619.HAELON.N","pathogen of"
"2ca7cd1e-5357-450f-9118-eb68449fe1e1","SCBI_014.20230619.HAELON.N","pathogen of"
"e32f4786-ad8b-4ea9-adda-f92c37e6a423","SCBI_014.20230619.HAELON.N","pathogen of"
"cf249a1f-3854-44cb-a22b-b62901624218","SCBI_014.20230619.HAELON.N","pathogen of"
"1dfc8ad6-feeb-4daa-b70d-a0c07b3f3b23","SCBI_014.20230619.HAELON.N","pathogen of"
"0fe8a549-858d-449a-bc3c-c917b1b87db9","SCBI_014.20230619.HAELON.N","pathogen of"
"bc55c8cd-f706-4773-a00a-9070c558f4a9","SCBI_014.20230619.HAELON.N","pathogen of"
"4a3872ea-a5c9-40ac-8243-dba1de1bfaf9","SCBI_014.20230619.HAELON.N","pathogen of"
"218cea41-74f7-4fae-8677-04eb41b4d503","SCBI_014.20230619.HAELON.N","pathogen of"
"b3021443-aedd-43e8-ac7d-ba8a15360a07","SCBI_014.20230619.HAELON.N","pathogen of"
"49ca4ec7-93b7-4684-a7cb-82bccd5fb9ff","SCBI_014.20230619.HAELON.N","pathogen of"
"67c5cf91-6a0c-4078-a9cc-0bf222550d65","SCBI_014.20230619.HAELON.N","pathogen of"
"f20e2309-40cb-45c8-ae9d-e41dce754000","SCBI_014.20230619.HAELON.N","pathogen of"
"3d60269b-51eb-4b90-86c3-c97a231bbaca","SCBI_014.20230619.HAELON.N","pathogen of"
"bd0bd7dd-5c91-477d-9cb8-73640c14bd01","SCBI_014.20230619.HAELON.N","pathogen of"
"32fe94bb-15ad-48fd-8ea8-acd01ea885ab","SCBI_014.20230619.HAELON.N","pathogen of"
"f86fa3b9-98c2-41a7-807d-7a8df33dba8f","SCBI_014.20230619.HAELON.N","pathogen of"
"2351d234-c6cb-4e92-ac08-270169918d76","SCBI_014.20230619.HAELON.N","pathogen of"
"6d564caf-702e-421f-a2d8-94f7544379d1","SCBI_014.20230619.HAELON.N","pathogen of"
"95761bb6-eab8-4452-8a3d-a457847149a2","SCBI_014.20230619.HAELON.N","pathogen of"
"2d520f68-1bb5-4be4-8904-2a3b3aa5a3c0","SCBI_014.20230619.HAELON.N","pathogen of"
"3610fcca-7d1f-4d23-9999-2a2f96322e52","SCBI_014.20230619.HAELON.N","pathogen of"
"6df99759-4e52-4e0d-9492-cc3b03d4352f","SCBI_014.20230619.HAELON.N","pathogen of"
"8478a54c-6eec-41c6-8e0e-01d0e9778193","SCBI_014.20230619.HAELON.N","pathogen of"
"6f772bfb-ef1f-4f97-b173-4761f968d1ce","SCBI_014.20230619.HAELON.N","pathogen of"
"7daa31c4-7351-4910-8afb-a33aedc9ee1b","SCBI_014.20230619.HAELON.N","pathogen of"
"eb3ca400-d464-42d3-9aad-c597a7cb4463","SCBI_014.20230619.HAELON.N","pathogen of"
"faaf8f97-ad9b-4749-8e01-92ae3ac04f59","SCBI_014.20230619.HAELON.N","pathogen of"
"0abaab24-225f-4839-b554-8d333c427346","SCBI_014.20230619.HAELON.N","pathogen of"
"955f93c6-6154-44f0-ad47-5e3ab14ad9c1","SCBI_014.20230619.HAELON.N","pathogen of"
"fa60fafe-6c5d-446c-bfd8-07ee881cd0f7","SCBI_014.20230619.HAELON.N","pathogen of"
"20c273a9-1ee0-4f56-bfd7-d588ee6a133a","SCBI_014.20230619.HAELON.N","pathogen of"
"b339f7ac-9fa1-4416-ad43-201d38059b17","SCBI_014.20230619.HAELON.N","pathogen of"
"0b7d1c2f-29c7-4b7b-a6ee-798b80770a2a","SCBI_014.20230619.HAELON.N","pathogen of"
"f9c46ff0-f0a5-47f9-81a8-0010072b969f","SCBI_014.20230619.HAELON.N","pathogen of"
"0d4d678f-2adc-4d1f-bf9b-3bc5a1a4659a","SCBI_014.20230619.HAELON.N","pathogen of"
"784965e7-5afa-4f20-95de-e8013d9d55f0","SCBI_014.20230619.HAELON.N","pathogen of"
"1bf9948e-084a-4e7f-9757-1fee28201900","SCBI_014.20230619.HAELON.N","pathogen of"
"be09bdec-22e7-4ad4-90ba-eb478448a691","SCBI_014.20230619.HAELON.N","pathogen of"
"7ec187c6-d902-4520-b14e-c6dd78b21b11","SCBI_014.20230619.HAELON.N","pathogen of"
"67bd80e0-e614-40a2-8b09-be3e65f09f62","SCBI_014.20230619.HAELON.N","pathogen of"
"adff5c4f-ce76-4444-bfa7-9e48efe20b70","SCBI_014.20230619.HAELON.N","pathogen of"
"ff84fcfc-acc3-4069-9512-7b60df8e26ef","SCBI_014.20230619.HAELON.N","pathogen of"
"f491d4bd-be23-4bfd-a89e-4e930cee660f","SCBI_014.20230619.HAELON.N","pathogen of"
"34077dcb-700f-4940-bcb4-4ac20c653dd0","SCBI_014.20230619.HAELON.N","pathogen of"
"6be51883-45e4-40e0-89bb-51b243eae3c1","SCBI_014.20230619.HAELON.N","pathogen of"
"63cba3b1-9cac-45e8-8a90-19488bb41cd0","SCBI_014.20230619.HAELON.N","pathogen of"
"a0f6565c-6784-4f4d-b2ef-8907a6ad19e3","SCBI_014.20230619.HAELON.N","pathogen of"
"01920734-f53a-4049-98ce-a1a1d0891ee1","SCBI_014.20230619.HAELON.N","pathogen of"
"db13c2de-18aa-4ddc-90b8-7352018c28c3","SCBI_014.20230619.HAELON.N","pathogen of"
"15b7ce5f-7b41-48aa-9415-f44e2efdb85c","SCBI_014.20230619.HAELON.N","pathogen of"
"03850261-8d8e-4245-88e0-00e7552c9861","SCBI_014.20230619.HAELON.N","pathogen of"
"1941e35c-3d1e-4670-9b36-08fa00d8e389","SCBI_014.20230619.HAELON.N","pathogen of"
"6a4d7c4b-9e5e-422d-a972-47d0181739c8","SCBI_014.20230619.HAELON.N","pathogen of"
"58664b4f-016e-47f5-98b8-58bddf73afdd","SCBI_014.20230619.HAELON.N","pathogen of"
"ed5630e3-e972-4585-8513-945b582c8975","SCBI_014.20230619.HAELON.N","pathogen of"
"3f879231-5436-423e-808c-6bb50c5e180d","SCBI_014.20230619.HAELON.N","pathogen of"
"d651e584-f8fe-4f9f-9e6b-df29e68214d8","SCBI_014.20230619.HAELON.N","pathogen of"
"22f991a6-114a-424d-b2ff-084e1b97f94c","SCBI_014.20230619.HAELON.N","pathogen of"
"c80c3af1-7eb2-44f1-a2fd-c76df318941d","SCBI_014.20230619.HAELON.N","pathogen of"
"976fda0d-a9d9-41d3-a3a2-274726cdfbe8","SCBI_014.20230619.HAELON.N","pathogen of"
"ddab126d-6410-4421-9402-0add1b1a22fd","SCBI_014.20230619.HAELON.N","pathogen of"
"2d51def3-d19c-4f69-a7db-26d978093915","SCBI_014.20230619.HAELON.N","pathogen of"
"852e54a1-2a46-4894-aeeb-9e2129929e6f","SCBI_014.20230619.HAELON.N","pathogen of"
"a5c3bdf8-0876-4ecb-9672-155a9ba90ab0","SCBI_014.20230619.HAELON.N","pathogen of"
"47f0b1b8-d1f9-40a7-9a36-1f4311fcba91","SCBI_014.20230619.HAELON.N","pathogen of"
"7cdd5842-65d2-4375-94be-180f6895a903","SCBI_014.20230619.HAELON.N","pathogen of"
"9cf9e0b0-4fca-40f8-82a4-2832343f8af5","SCBI_014.20230619.HAELON.N","pathogen of"
"c4aea485-2f70-47b6-a0ff-8d92ea49d97b","SCBI_014.20230619.HAELON.N","pathogen of"
"4c216fac-cfb2-4cc1-99fd-5ee90f5d1ab8","SCBI_014.20230619.HAELON.N","pathogen of"
"58b5b2b7-10eb-4df0-b045-65ddf3d89157","SCBI_014.20230619.HAELON.N","pathogen of"
"a011ca49-6bd5-40f7-976d-fb1fe139ee6c","SCBI_014.20230619.HAELON.N","pathogen of"
"d8e9a986-4372-477e-8813-75bbd8fff03d","SCBI_014.20230619.HAELON.N","pathogen of"
"a53e75bc-0519-44e0-bbfc-33fd4e73ea29","SCBI_014.20230619.HAELON.N","pathogen of"
"76e2e407-a42a-4880-b506-2fa79bbf43a7","SCBI_014.20230619.HAELON.N","pathogen of"
"22e2e328-6902-4057-bc13-6e62cfc7463d","SCBI_014.20230619.HAELON.N","pathogen of"
"ab365e27-7207-474e-b687-de31d78282ad","SCBI_014.20230619.HAELON.N","pathogen of"
"0c113e6b-7119-4f88-8122-14c30caa0d46","SCBI_014.20230619.HAELON.N","pathogen of"
"4f5c1c25-eb6c-4a9a-bba4-2a1f2ca791b4","SCBI_014.20230619.HAELON.N","pathogen of"
"3c4cfd9b-cd97-4753-ad06-83f83194dd23","SCBI_014.20230619.HAELON.N","pathogen of"
"d1194799-abfe-475c-aa43-470f5dc768d9","SCBI_014.20230619.HAELON.N","pathogen of"
"1a3db536-d4df-4529-a5cf-c9743a34f2c0","SCBI_014.20230619.HAELON.N","pathogen of"
"924e5ea3-53d3-4e9a-8407-4a2698dc0c8c","SCBI_014.20230619.HAELON.N","pathogen of"
"2601bfcd-6176-4e94-9d5e-502a0fc0dda7","SCBI_014.20230710.HAELON.N","pathogen of"
"c53cb665-cb0d-484f-8755-081023daa9e3","SCBI_014.20230710.HAELON.N","pathogen of"
"6f3a0bee-acff-4005-8172-75bccdcd63a6","SCBI_014.20230710.HAELON.N","pathogen of"
"588943a6-c39b-4c2a-a389-557fbf7baa6d","SCBI_014.20230710.HAELON.N","pathogen of"
"1b22144d-f037-4e6f-9c2d-c29633ba77c4","SCBI_014.20230710.HAELON.N","pathogen of"
"fc591cac-69c4-4234-b574-2a2011f1e414","SCBI_014.20230710.HAELON.N","pathogen of"
"6026d083-187b-414d-842a-916e501fdf3a","SCBI_014.20230710.HAELON.N","pathogen of"
"262de456-cc4f-4267-bcbc-4c76081c9a7a","SCBI_014.20230710.HAELON.N","pathogen of"
"80e41f77-86eb-4301-be2c-9ca4fb4ce031","SCBI_014.20230710.HAELON.N","pathogen of"
"8abb0b83-584d-487c-80cd-a4f6759c3049","SCBI_014.20230710.HAELON.N","pathogen of"
"ce2132a0-61da-4f33-8754-90ca85fd373b","SCBI_014.20230710.HAELON.N","pathogen of"
"699c91c5-a46b-4705-b303-bcf136e6ba47","SCBI_014.20230710.HAELON.N","pathogen of"
"b7c2be00-799e-4dce-a603-1e8c70774a99","SCBI_014.20230710.HAELON.N","pathogen of"
"cba6e5a6-f5a7-4ca4-9695-5b421f1d9a8d","SCBI_014.20230710.HAELON.N","pathogen of"
"d9d1d002-23f1-491e-b58c-1358caaff240","SCBI_014.20230710.HAELON.N","pathogen of"
"6c9299a0-ecee-4526-b1d7-86b33c2d4949","SCBI_014.20230710.HAELON.N","pathogen of"
"bb816587-fa24-412f-a553-82509819eb73","SCBI_014.20230710.HAELON.N","pathogen of"
"9056a7cf-cc63-4bd5-af92-bb09a7351218","SCBI_014.20230710.HAELON.N","pathogen of"
"1699e992-ec4c-4c61-99a8-14b69bb95dd5","SCBI_014.20230710.HAELON.N","pathogen of"
"11027852-a305-49bb-a4e2-f1ee40a924bd","SCBI_014.20230710.HAELON.N","pathogen of"
"0cb80002-50ca-4e4d-9827-18e84d2db811","SCBI_014.20230710.HAELON.N","pathogen of"
"db5f52b3-b04f-4f25-82a7-c0d21f7055d3","SCBI_014.20230710.HAELON.N","pathogen of"
"8da7136c-b46b-434c-b45d-a3b32299067f","SCBI_014.20230710.HAELON.N","pathogen of"
"2570a38d-6375-40f7-b2d4-ea0cc885aebf","SCBI_014.20230710.HAELON.N","pathogen of"
"ea990082-5f64-4b63-bfe5-d9f8a6b1473e","SCBI_014.20230710.HAELON.N","pathogen of"
"79c8ccee-69fa-49d3-a7bd-da9fe8dae346","SCBI_014.20230710.HAELON.N","pathogen of"
"bb4f1dcd-6954-47d0-9329-12ce9279f035","SCBI_014.20230710.HAELON.N","pathogen of"
"027af5c8-62d9-41b6-a0b2-0e942a376fb7","SCBI_014.20230710.HAELON.N","pathogen of"
"d62689cd-e26c-4f97-a4d8-3d7619acf51f","SCBI_014.20230710.HAELON.N","pathogen of"
"9b19b7ad-5c2d-429d-8c7d-82c6f7901aea","SCBI_014.20230710.HAELON.N","pathogen of"
"95fbb0de-a570-42ee-a421-669a58371bd6","SCBI_014.20230710.HAELON.N","pathogen of"
"388a4cfc-1c7d-4532-9e39-29adb519cf53","SCBI_014.20230710.HAELON.N","pathogen of"
"caf9136c-8148-407d-a330-d915bb849556","SCBI_014.20230710.HAELON.N","pathogen of"
"b8728fd3-5ca6-4221-bf92-a6463ddc80c6","SCBI_014.20230710.HAELON.N","pathogen of"
"de18a950-9b88-4979-92fb-833db7aa7cef","SCBI_014.20230710.HAELON.N","pathogen of"
"14a7babe-9db9-4a17-9916-30439ad32972","SCBI_014.20230710.HAELON.N","pathogen of"
"a81fc30f-d272-4f1e-bfcb-80a3befeeac7","SCBI_014.20230710.HAELON.N","pathogen of"
"e0a2bb03-eb35-45f2-85bb-33332e059582","SCBI_014.20230710.HAELON.N","pathogen of"
"3f523aea-781e-49a3-921a-13429d03f952","SCBI_014.20230710.HAELON.N","pathogen of"
"a924ed09-faea-43ce-bc8d-cc40058d8845","SCBI_014.20230710.HAELON.N","pathogen of"
"894352e4-9d81-4ed9-b240-02c1a87f9bb5","SCBI_014.20230710.HAELON.N","pathogen of"
"acfbe9e3-f6c3-4c1a-8bb2-b1c46c6118af","SCBI_014.20230710.HAELON.N","pathogen of"
"acdd3286-53c6-4abf-9408-85e181f9db62","SCBI_014.20230710.HAELON.N","pathogen of"
"8441cacf-4cc8-4d64-8836-7cfb772d7ed4","SCBI_014.20230710.HAELON.N","pathogen of"
"0be1710b-1004-4fba-a588-72e29a0c4be0","SCBI_014.20230710.HAELON.N","pathogen of"
"a32b5aa6-b1cc-4f71-ade5-979e9a3ecf8d","SCBI_014.20230710.HAELON.N","pathogen of"
"9603f3b6-edad-4fd3-959f-2603c650ad87","SCBI_014.20230710.HAELON.N","pathogen of"
"a0e5f2e6-b863-4e80-afdd-1307d2290331","SCBI_014.20230710.HAELON.N","pathogen of"
"39e80d73-e8f5-4d5d-b9d2-d483ed118961","SCBI_014.20230710.HAELON.N","pathogen of"
"aaf4c848-711f-430d-b052-0368fdd772d3","SCBI_014.20230710.HAELON.N","pathogen of"
"6908ecf8-14f1-4cdf-a0a0-76b1eb4d00e0","SCBI_014.20230710.HAELON.N","pathogen of"
"ccb38f06-c9b6-4bd9-80e5-e0a8731e63bd","SCBI_014.20230710.HAELON.N","pathogen of"
"924d3efc-0d6b-4e75-b862-3428e149de62","SCBI_014.20230710.HAELON.N","pathogen of"
"17b85f4b-9fd0-47c1-8c34-0b045faab6d7","SCBI_014.20230710.HAELON.N","pathogen of"
"a1a171e9-c978-437d-8aaf-26e62a857dac","SCBI_014.20230710.HAELON.N","pathogen of"
"e8ccb2bb-dbbf-4682-b79a-926cd627b11e","SCBI_014.20230710.HAELON.N","pathogen of"
"59f2e61c-bbb7-462d-a833-a6822a696de2","SCBI_014.20230710.HAELON.N","pathogen of"
"a41a578d-fc70-43f1-92a7-9c66ff306ceb","SCBI_014.20230710.HAELON.N","pathogen of"
"2c94cf8b-5eb0-4f3b-9bc4-eeb6b0d50f27","SCBI_014.20230710.HAELON.N","pathogen of"
"9706c770-adec-415e-8bc4-7ca2c522190d","SCBI_014.20230710.HAELON.N","pathogen of"
"6b17cf1a-27b4-4ac8-bc1f-ec6e7ea5181e","SCBI_014.20230710.HAELON.N","pathogen of"
"44ca6c24-fdac-45cf-b789-24b75736733d","SCBI_014.20230710.HAELON.N","pathogen of"
"0a384c80-dc68-49d6-ab8e-ef9cfd5970f1","SCBI_014.20230710.HAELON.N","pathogen of"
"6ff79607-da1d-495a-a4fa-0fa31869e861","SCBI_014.20230710.HAELON.N","pathogen of"
"cea37737-c62a-4079-aeb7-8120494527e0","SCBI_014.20230710.HAELON.N","pathogen of"
"9e88023d-5265-4e6f-a3c4-96996ea32058","SCBI_014.20230710.HAELON.N","pathogen of"
"82267365-b4da-461c-ae99-ce79c7a303d4","SCBI_014.20230710.HAELON.N","pathogen of"
"bb17f978-676c-428c-8615-62f17021438c","SCBI_014.20230710.HAELON.N","pathogen of"
"44fd43d7-0a8c-4c5e-a477-ee57fab64aa7","SCBI_014.20230710.HAELON.N","pathogen of"
"3d5a5e31-f5b8-4011-8765-754802ba7d6d","SCBI_014.20230710.HAELON.N","pathogen of"
"6e241674-fac5-4f49-b0d0-b4a6b21ca478","SCBI_014.20230710.HAELON.N","pathogen of"
"78055468-18a5-4a44-89fa-2bcf880c3f51","SCBI_014.20230710.HAELON.N","pathogen of"
"245c5560-719d-4b80-9330-ec0d07c74d51","SCBI_014.20230710.HAELON.N","pathogen of"
"093f647f-2e5b-4446-8530-f13be49a57e4","SCBI_014.20230710.HAELON.N","pathogen of"
"c5f6844f-3776-42c4-be68-ab4118c994f0","SCBI_014.20230710.HAELON.N","pathogen of"
"f2f7c521-c0ff-48ee-a5d8-c867e56dc117","SCBI_014.20230710.HAELON.N","pathogen of"
"13d22c94-0b07-4eb7-bc38-1482d61e85da","SCBI_014.20230710.HAELON.N","pathogen of"
"cb99ad37-124f-4080-8a31-b7cec1875b6b","SCBI_014.20230710.HAELON.N","pathogen of"
"bf5871ca-e3ae-40b5-a4a8-358cfaa8e64e","SCBI_014.20230710.HAELON.N","pathogen of"
"8a30dbd5-2af6-42f7-a15e-f5efed089e39","SCBI_014.20230710.HAELON.N","pathogen of"
"9d12f18f-6495-40d2-baff-9a6ecb9ca715","SCBI_014.20230710.HAELON.N","pathogen of"
"9e7d0c31-ad72-435c-9a6b-fa549c7c8516","SCBI_014.20230710.HAELON.N","pathogen of"
"5877ff58-8755-4df5-a534-812df893a1d1","SCBI_014.20230710.HAELON.N","pathogen of"
"61cd5664-2961-487e-ad6c-1118a2865389","SCBI_014.20230710.HAELON.N","pathogen of"
"26ee9bc9-b47c-4e31-b36e-0727c46fd3be","SCBI_014.20230710.HAELON.N","pathogen of"
"58189350-4c5a-45ea-8635-7c125347ba06","SCBI_014.20230710.HAELON.N","pathogen of"
"98d1d488-affd-493f-93ac-d81d88a09588","SCBI_014.20230710.HAELON.N","pathogen of"
"28fdb0cd-681f-43cd-9e1d-cbb898b5e2e5","SCBI_014.20230710.HAELON.N","pathogen of"
"6f4ba470-5655-40d8-8b18-3e733779a2c4","SCBI_014.20230710.HAELON.N","pathogen of"
"4461e562-8e2b-4285-a41a-5fe54939b36e","SCBI_014.20230710.HAELON.N","pathogen of"
"1deb5e3a-c444-430a-80cb-5ddced768ea0","SCBI_014.20230710.HAELON.N","pathogen of"
"119617c6-fc4e-47bd-a0f9-88b1d3ea845c","SCBI_014.20230710.HAELON.N","pathogen of"
"1f9bbe65-5daa-43c0-b984-a5fd76ce8db2","SCBI_014.20230710.HAELON.N","pathogen of"
"3d7cd8b8-06bf-4c99-b1c9-589f23a30f92","SCBI_014.20230710.HAELON.N","pathogen of"
"18303425-5610-4d13-b5b7-e1e59afc1211","SCBI_014.20230710.HAELON.N","pathogen of"
"b4a77e6f-de94-4a87-849b-fa9092e4b12d","SCBI_014.20230710.HAELON.N","pathogen of"
"e947ed84-2f4e-4b27-9005-f7fe3e5647a7","SCBI_014.20230710.HAELON.N","pathogen of"
"39bd6398-21e4-4651-9ec4-a9de5a83383c","SCBI_014.20230710.HAELON.N","pathogen of"
"acca047f-07f5-4c7e-acbb-e7d5088f36a8","SCBI_014.20230710.HAELON.N","pathogen of"
"0ea9324e-cd55-4ab2-adde-afbe1e4155bb","SCBI_014.20230710.HAELON.N","pathogen of"
"58b22023-8f7f-43f8-98e5-013a92ee2cd1","SCBI_014.20230710.HAELON.N","pathogen of"
"8d5a491f-6843-4ce5-9199-df59d52be256","SCBI_014.20230710.HAELON.N","pathogen of"
"102d32ae-4099-4b3f-946f-20090ec7cf9a","SCBI_014.20230710.HAELON.N","pathogen of"
"17c59647-fe96-4869-b810-ad9ec33e0fdd","SCBI_014.20230710.HAELON.N","pathogen of"
"0fdb322f-ebbd-4eae-b84f-3a13f4cdfb56","SCBI_014.20230710.HAELON.N","pathogen of"
"35ebae1e-ed11-49c1-ac51-973ba7bfe7cc","SCBI_014.20230710.HAELON.N","pathogen of"
"2ab8b751-5820-4995-8eef-272aea2adf5c","SCBI_014.20230710.HAELON.N","pathogen of"
"e69c564a-4ca1-4c31-8247-ae2155068155","SCBI_014.20230710.HAELON.N","pathogen of"
"4113d257-af9a-42f2-b9cb-d70904776a60","SCBI_014.20230710.HAELON.N","pathogen of"
"1430f869-b403-49c9-80fc-9d1594056df5","SCBI_014.20230710.HAELON.N","pathogen of"
"aa97d419-2635-4452-be92-345a8a5f8fcb","SCBI_014.20230710.HAELON.N","pathogen of"
"ded5f146-811a-4d6e-b6f3-03cacf9c84b2","SCBI_014.20230710.HAELON.N","pathogen of"
"64b26a82-0c72-41b3-b6eb-64b34611eab3","SCBI_014.20230710.HAELON.N","pathogen of"
"8d4a292b-e6a8-4133-bda4-d67cec5f5609","SCBI_014.20230710.HAELON.N","pathogen of"
"e8140b31-f04b-42a1-9ef9-b9b855ec3852","SCBI_014.20230710.HAELON.N","pathogen of"
"87981589-ab9f-45b8-967a-42b0d1d94265","SCBI_014.20230710.HAELON.N","pathogen of"
"a3e19fa4-884e-4a59-b442-e96b0517192c","SCBI_014.20230710.HAELON.N","pathogen of"
"1b8d6715-16d8-474c-8935-52608cd933d4","SCBI_014.20230710.HAELON.N","pathogen of"
"88234aee-2863-40f6-b4f7-2e46225bdff6","SCBI_014.20230710.HAELON.N","pathogen of"
"852abc03-8179-4e76-9cce-7a52dfa004ad","SCBI_014.20230710.HAELON.N","pathogen of"
"f0201847-25ca-4a40-b931-bf9344a2511c","SCBI_014.20230710.HAELON.N","pathogen of"
"50248b52-cc83-4003-a182-ad9c09994e73","SCBI_014.20230710.HAELON.N","pathogen of"
"d682a16d-47ea-4b22-9164-89e748620b8e","SCBI_014.20230710.HAELON.N","pathogen of"
"bd818826-8021-49e3-8b1d-7d91cd6d1047","SCBI_014.20230710.HAELON.N","pathogen of"
"0dc98b9c-51ee-4b6d-8435-3f8d48c7a7c9","SCBI_014.20230710.HAELON.N","pathogen of"
"989eea54-ba9d-4b50-bd1f-8a06eff33d99","SCBI_014.20230710.HAELON.N","pathogen of"
"32cfdcfc-ea5f-4236-bf01-264a1c4af3d2","SCBI_014.20230710.HAELON.N","pathogen of"
"dc5e3d0a-1531-4947-96ec-cc49017b335e","SCBI_014.20230710.HAELON.N","pathogen of"
"af962426-7cd0-4c06-8d49-bfa151d645d8","SCBI_014.20230710.HAELON.N","pathogen of"
"eb841327-77fc-45c5-8526-72b42892e0ef","SCBI_014.20230710.HAELON.N","pathogen of"
"c25c8755-2312-437a-ac02-b2687a31e2f1","SCBI_014.20230710.HAELON.N","pathogen of"
"02092615-245b-49cb-962d-c6e245250b8b","SCBI_014.20230710.HAELON.N","pathogen of"
"625a0c4b-5385-4f4b-af73-2e5bac494752","SCBI_014.20230710.HAELON.N","pathogen of"
"a6aa7f70-653e-4b58-b67d-058be71b06d3","SCBI_014.20230710.HAELON.N","pathogen of"
"5797c45d-2d3c-4b47-b702-c2cf57824a7c","SCBI_014.20230710.HAELON.N","pathogen of"
"9806b158-f802-4fc2-b73b-b1f62946080c","SCBI_014.20230710.HAELON.N","pathogen of"
"0140faec-25d6-4bcb-93b2-f4e5da667dd4","SCBI_014.20230710.HAELON.N","pathogen of"
"fbaacb3b-897d-4f23-aa59-778e6b390961","SCBI_014.20230710.HAELON.N","pathogen of"
"3762764a-c33a-4538-ab0a-87602a53a854","SCBI_014.20230710.HAELON.N","pathogen of"
"ee32eac6-15d2-4331-861b-a40b18d75ade","SCBI_014.20230710.HAELON.N","pathogen of"
"20bf67c6-7b89-43fe-864d-19cc41aeaa51","SCBI_014.20230710.HAELON.N","pathogen of"
"7a98889c-b185-4bf6-b9b8-5ae63e999e27","SCBI_014.20230710.HAELON.N","pathogen of"
"57482044-2fa2-48ad-9289-b000a2bdcf78","SCBI_014.20230710.HAELON.N","pathogen of"
"230be21f-d96b-4670-a82b-a9ea2ab3af06","SCBI_014.20230710.HAELON.N","pathogen of"
"7e4d9a93-18c2-43b6-9e50-17e2f05f388a","SCBI_014.20230710.HAELON.N","pathogen of"
"9ced5893-ecb0-4466-9684-8660a65b879f","SCBI_014.20230710.HAELON.N","pathogen of"
"75ae2ed4-2f0a-4c54-8299-33d2cc1fb7a9","SCBI_014.20230710.HAELON.N","pathogen of"
"0eadb25e-fff1-4c4a-9cdd-f95980407557","SCBI_014.20230710.HAELON.N","pathogen of"
"43bc2bfa-387c-4f4f-9507-8f9f06ffd3cf","SCBI_014.20230710.HAELON.N","pathogen of"
"2c4216cd-02b9-485f-9b7e-f3ea17410af3","SCBI_014.20230710.HAELON.N","pathogen of"
"079170d8-79d5-44dc-968d-aed1d1bb6115","SCBI_014.20230710.HAELON.N","pathogen of"
"1bceacc2-4103-497a-8dda-15db360c5e86","SCBI_014.20230710.HAELON.N","pathogen of"
"d050cff3-aa92-47aa-9cb6-d6de97b53995","SCBI_014.20230710.HAELON.N","pathogen of"
"5260c8a5-f61c-4097-ba5c-87b651d03ce2","SCBI_014.20230710.HAELON.N","pathogen of"
"c8c9a5a5-1182-4a41-a84d-c3200e08a249","SCBI_014.20230710.HAELON.N","pathogen of"
"5a3a8c51-d248-41f8-a257-bd0b85a63330","SCBI_014.20230710.HAELON.N","pathogen of"
"37355c7a-7b7f-48a6-bb31-63ec8a4ae7e0","SCBI_014.20230710.HAELON.N","pathogen of"
"eb9d2faa-dcad-4f55-a0be-aa3efc6f290e","SCBI_014.20230710.HAELON.N","pathogen of"
"1f9e55ca-5541-4094-a69b-3d17a16fcbdc","SCBI_014.20230710.HAELON.N","pathogen of"
"14cd2ff9-4e55-495b-a18a-dff9117f7f05","SCBI_014.20230710.HAELON.N","pathogen of"
"69658191-3b40-438a-b03b-d6e721a5d4b2","SCBI_014.20230710.HAELON.N","pathogen of"
"5b5394c2-7c43-419e-b2c4-77e2f467577d","SCBI_014.20230710.HAELON.N","pathogen of"
"1c3a244d-3874-4dfe-976a-6c4cdc19d07c","SCBI_014.20230710.HAELON.N","pathogen of"
"3ed16e0c-0148-4ed8-aff1-b69f2b5838cd","SCBI_014.20230710.HAELON.N","pathogen of"
"ec4e8071-2999-4e07-8747-ad76c5532ee9","SCBI_014.20230710.HAELON.N","pathogen of"
"1461bb5c-87e9-4703-8f88-acd09f96977e","SCBI_014.20230710.HAELON.N","pathogen of"
"981c669b-eee2-4996-bc7a-94aed38ca9e4","SCBI_014.20230710.HAELON.N","pathogen of"
"5233b510-3460-4e35-814f-e8f764457a36","SCBI_014.20230710.HAELON.N","pathogen of"
"a4b4b76f-a20c-4e36-bdb5-e5e6d20ca27e","SCBI_014.20230710.HAELON.N","pathogen of"
"ec63b99d-d982-468b-8f0a-4db2f3d39347","SCBI_014.20230710.HAELON.N","pathogen of"
"72f5b068-05a9-4b4f-9ff9-67442a5a8b6c","SCBI_014.20230710.HAELON.N","pathogen of"
"e6aa8494-d1f4-4c87-8e9b-3ab82518038c","SCBI_014.20230710.HAELON.N","pathogen of"
"f18c0e29-1eec-4490-8c18-087f242058c5","SCBI_014.20230710.HAELON.N","pathogen of"
"2c3e63aa-fb38-424f-9036-feeb53acbe21","SCBI_014.20230710.HAELON.N","pathogen of"
"a91cfd8b-61c3-4f10-aae8-467678696bae","SCBI_014.20230710.HAELON.N","pathogen of"
"80a914e5-eeea-4923-92f1-12cceefc947a","SCBI_014.20230710.HAELON.N","pathogen of"
"32c4261c-d63e-4d12-90f0-abe41bbe7c96","SCBI_014.20230710.HAELON.N","pathogen of"
"1ccd24b8-d6fe-4730-9335-9fbba04dec3c","SCBI_014.20230710.HAELON.N","pathogen of"
"ef8f0755-e216-4fe1-92ef-359d675f48b9","SCBI_014.20230710.HAELON.N","pathogen of"
"5d6ae2d9-85cf-4222-8923-abf9d6bd59c7","SCBI_014.20230710.HAELON.N","pathogen of"
"ca6f3852-9e3b-4e2a-97e4-f6f6b067a046","SCBI_014.20230710.HAELON.N","pathogen of"
"bc28772c-1fe0-470c-b04c-2c72cdc77b94","SCBI_014.20230710.HAELON.N","pathogen of"
"7612c535-c9e5-4d09-8cc8-a7f0be8cebf4","SCBI_014.20230710.HAELON.N","pathogen of"
"c6691075-fda7-4be7-9aaa-3ff61d14fa3f","SCBI_014.20230710.HAELON.N","pathogen of"
"3d6dcd91-9f86-44cb-9af5-bb9a82be89a6","SCBI_014.20230710.HAELON.N","pathogen of"
"bf215958-1963-4044-a167-524d24cc9cc1","SCBI_014.20230710.HAELON.N","pathogen of"
"eda2392e-877d-4283-91e8-107338b7f1fa","SCBI_014.20230710.HAELON.N","pathogen of"
"c664250e-0e83-47a2-94d2-cda93300b722","SCBI_014.20230710.HAELON.N","pathogen of"
"ba240249-f9a3-4e38-8eb1-8f94c9bbfad5","SCBI_014.20230710.HAELON.N","pathogen of"
"aa3303d0-8f3b-4d03-a0ce-c40f0e53c024","SCBI_014.20230710.HAELON.N","pathogen of"
"2b682d6f-1427-4afc-9e6f-4831e37cc813","SCBI_014.20230710.HAELON.N","pathogen of"
"105bd074-3a48-4ee9-9839-94264de5a73b","SCBI_014.20230710.HAELON.N","pathogen of"
"aa804f88-7577-48c8-9e02-9eb9a0218590","SCBI_014.20230710.HAELON.N","pathogen of"
"43160b43-ff35-4d2f-bcee-923e8faea3d1","SCBI_014.20230710.HAELON.N","pathogen of"
"6ab49247-bb3b-4855-a480-9b978cc2dd27","SCBI_014.20230710.HAELON.N","pathogen of"
"c56363a5-f72e-4169-a1c9-662810cf9f5a","SCBI_014.20230710.HAELON.N","pathogen of"
"b0f0f0eb-41e1-4343-82e3-758119c5c183","SCBI_014.20230802.HAELON.N","pathogen of"
"1bf5994d-56ad-435f-9f30-0484549a7a00","SCBI_014.20230802.HAELON.N","pathogen of"
"4be7d441-c87e-4620-bcc2-e0a41abae9cb","SCBI_014.20230802.HAELON.N","pathogen of"
"7874600d-21a6-4661-85bf-d2a5b50fd1a7","SCBI_014.20230802.HAELON.N","pathogen of"
"b86d3097-e4a1-40dd-91ce-abd17b621ee3","SCBI_014.20230802.HAELON.N","pathogen of"
"952f4142-adff-459d-b3d4-e77de65c1249","SCBI_014.20230802.HAELON.N","pathogen of"
"f23b5304-1067-4e7d-800e-2d185c0c25b2","SCBI_014.20230802.HAELON.N","pathogen of"
"6aa3a56e-7cdb-4491-b4e6-e8b843e25f9f","SCBI_014.20230802.HAELON.N","pathogen of"
"3a6af331-a7d8-4af6-bc75-8ef17e6f0c26","SCBI_014.20230802.HAELON.N","pathogen of"
"03784c25-4a53-4b47-a09c-3728779525b7","SCBI_014.20230802.HAELON.N","pathogen of"
"16c2dfec-e401-4a92-90d8-547a3c011536","SCBI_014.20230802.HAELON.N","pathogen of"
"fe5a56bf-5285-4577-86f3-825ff1576b9c","SCBI_014.20230802.HAELON.N","pathogen of"
"f28dc5ea-9131-4c47-9169-f54bb4351bf1","SCBI_014.20230802.HAELON.N","pathogen of"
"724f7426-25cf-4f45-8cd5-1969bbfcf319","SCBI_014.20230802.HAELON.N","pathogen of"
"3c2d3130-4e88-46bc-b933-6f7a85ce7cbe","SCBI_014.20230821.HAELON.N","pathogen of"
"6595bbf0-098d-4d23-9615-9785888d0016","SCBI_014.20230821.HAELON.N","pathogen of"
"71999174-095f-4ac5-b4d9-3601b8828afe","SCBI_014.20230821.HAELON.N","pathogen of"
"50917bd0-ed0a-49c9-94df-5df1d5352519","SCBI_014.20230821.HAELON.N","pathogen of"
"b5bd2e95-ce2f-441e-80af-16b43d6791a6","SCBI_014.20230821.HAELON.N","pathogen of"
"20f22848-ff74-4e05-8cec-970b47525716","SCBI_014.20230821.HAELON.N","pathogen of"
"537d6fba-b1d2-4967-8531-220b427ee878","SCBI_014.20230821.HAELON.N","pathogen of"
"aa01df21-6483-418e-9d09-dac0a0dd7dea","SCBI_014.20230821.HAELON.N","pathogen of"
"03ceb229-a670-49b8-9973-3be727799ef5","SCBI_014.20230821.HAELON.N","pathogen of"
"65d647bb-df99-4443-9d66-84d053266a6c","SCBI_014.20230821.HAELON.N","pathogen of"
"b339f539-1003-4a78-8456-a5254875cb23","SCBI_014.20230821.HAELON.N","pathogen of"
"5768c214-4a8e-493b-a4dd-12e75d695cd7","SCBI_014.20230821.HAELON.N","pathogen of"
"74d3a0d8-ab02-4786-8ab4-9a7f9ae11a25","SCBI_014.20230821.HAELON.N","pathogen of"
"31866c67-cb8c-4961-ac7f-65d7930378dd","SCBI_014.20230821.HAELON.N","pathogen of"
"3add6c9e-b68f-4afe-9d49-ea4585633c90","SCBI_014.20230821.HAELON.N","pathogen of"
"e1c3b392-7d8d-4939-bb83-44775a31fb8e","SCBI_014.20230821.HAELON.N","pathogen of"
"60effaa5-bfaa-4061-82b4-25bb0e280bc9","SCBI_014.20230821.HAELON.N","pathogen of"
"9260b2c4-52c0-47b3-b765-c69b6f66cb69","SCBI_014.20230821.HAELON.N","pathogen of"
"bfb7a32d-f8e3-4c52-b99e-3a1908cf8446","SCBI_014.20230821.HAELON.N","pathogen of"
"263522b7-6e65-414e-b783-d427c0c32815","SCBI_014.20230821.HAELON.N","pathogen of"
"3323c168-4abc-41eb-b460-5b4e9c6ea9cd","SCBI_014.20230821.HAELON.N","pathogen of"
"c96debc6-2240-4b93-9915-3eb925fc1954","SCBI_014.20230821.HAELON.N","pathogen of"
"f497d6cb-8d01-4c21-ae3b-bd763b156c42","SCBI_014.20230821.HAELON.N","pathogen of"
"5f087fd5-594a-40fc-aed9-29f1cd93ca03","SCBI_014.20230821.HAELON.N","pathogen of"
"d0ca3398-b28e-45b3-b8cd-e873f3de4e6f","SCBI_014.20230821.HAELON.N","pathogen of"
"6b1d4486-2677-4484-8963-9e8b9ccffa01","SCBI_014.20230821.HAELON.N","pathogen of"
"68de90ba-f6a8-4fd3-800e-fb77455e19e8","SCBI_014.20230821.HAELON.N","pathogen of"
"a4f00b84-d5cb-4f5c-aaec-f4aaa5776ded","SCBI_014.20230821.HAELON.N","pathogen of"
"8768c447-4978-43e0-a073-f3ff04b08b04","SCBI_014.20230821.HAELON.N","pathogen of"
"22dfdd8e-dbb2-4821-a4d8-a52785a2a7e4","SCBI_014.20230821.HAELON.N","pathogen of"
"e67f4938-d4a9-4a02-b1ed-6d5e148ea651","SCBI_014.20230821.HAELON.N","pathogen of"
"d1df1c53-d3cd-4b00-9084-8c97851cd6cd","SCBI_014.20230821.HAELON.N","pathogen of"
"42af57fd-52c2-4aad-bc74-724a675e9459","SCBI_014.20230821.HAELON.N","pathogen of"
"41b32c3f-1a55-471e-9897-23d81510a909","SCBI_014.20230821.HAELON.N","pathogen of"
"097ad57e-c678-4ade-9754-a71c21cb2469","SCBI_014.20230821.HAELON.N","pathogen of"
"5ac8b74c-fa2b-493d-81ea-a955a40264b6","SCBI_014.20230821.HAELON.N","pathogen of"
"4338d562-e291-495e-a34a-0749c1f3f7fd","SCBI_014.20230821.HAELON.N","pathogen of"
"457e4ebe-4e4f-4cb1-b695-c2c67a470a56","SCBI_014.20230821.HAELON.N","pathogen of"
"caa9f3e8-c422-407a-8177-d41f6a2fb11c","SCBI_014.20230821.HAELON.N","pathogen of"
"9c5e1cad-48e6-4798-9de2-e288f95fbbc1","SCBI_014.20230821.HAELON.N","pathogen of"
"4b987d6b-0110-4248-8f2e-a8d6e8384b79","SCBI_014.20230821.HAELON.N","pathogen of"
"21134baa-7cea-4ee1-8179-6fbc51b00719","SCBI_014.20230821.HAELON.N","pathogen of"
"c4150622-2bca-4530-b7ab-994b00f09dcc","SCBI_014.20240508.IXOSCA.N","pathogen of"
"568fb7e5-3ceb-45f2-888a-d460cb40b87c","SCBI_014.20240508.IXOSCA.N","pathogen of"
"7b861831-bdff-46fd-9711-51a1891191f3","SCBI_014.20240508.IXOSCA.N","pathogen of"
"2ded0156-1cf8-436c-bcd6-02c62bed1b83","SCBI_014.20240508.IXOSCA.N","pathogen of"
"0f7512a1-e3b9-4fd6-8ef0-3a82c3131781","SCBI_014.20240508.IXOSCA.N","pathogen of"
"b9e33364-ef32-4ddc-9843-66a89ebb8381","SCBI_014.20240508.HAELON.N","pathogen of"
"69ae7cfb-cbbd-4fdb-9446-72ddb8be4b4f","SCBI_014.20240508.IXOSCA.N","pathogen of"
"3596cfde-80af-4a49-8d3f-64bb3602abec","SCBI_014.20240508.IXOSCA.N","pathogen of"
"5ca9e5e2-317f-470a-b406-060c51f8156d","SCBI_014.20240508.HAELON.N","pathogen of"
"4a69c1c6-3b79-40ca-8f55-42059b8a772f","SCBI_014.20240508.IXOSCA.N","pathogen of"
"6090fad9-f3bd-42bf-8ff4-cee1ad93e9e2","SCBI_014.20240508.IXOSCA.N","pathogen of"
"300ba92c-7c99-48ed-832a-6c89780e75ae","SCBI_014.20240508.IXOSCA.N","pathogen of"
"c358548f-37e2-4bde-b6c0-f41fa091fa06","SCBI_014.20240508.IXOSCA.N","pathogen of"
"cd5cd61e-c2e1-41ad-afef-7f464660a07c","SCBI_014.20240508.IXOSCA.N","pathogen of"
"2dbf7d33-283a-439d-aac8-9459309cad9c","SCBI_014.20240508.IXOSCA.N","pathogen of"
"9539787b-3930-4fec-ade8-41ace9bbd73e","SCBI_014.20240508.IXOSCA.N","pathogen of"
"3396addd-e6bc-4876-8fdd-0bcc73972b32","SCBI_014.20240508.IXOSCA.N","pathogen of"
"3723f53a-8240-4b97-a81c-6010a08ff93a","SCBI_014.20240508.IXOSCA.N","pathogen of"
"c12c44d9-88fd-4430-bd35-6500ab79dd49","SCBI_014.20240508.HAELON.N","pathogen of"
"a6caa8df-4bfe-49d1-86b3-274956d20598","SCBI_014.20240508.IXOSCA.N","pathogen of"
"d24a06dc-80cc-4acc-be05-df39b2e86290","SCBI_014.20240508.IXOSCA.N","pathogen of"
"4cdf445e-9d91-4ce6-80f2-24a5579a886b","SCBI_014.20240508.HAELON.N","pathogen of"
"2ea8a58c-43fd-49d3-a345-2dad2d452ad3","SCBI_014.20240508.IXOSCA.N","pathogen of"
"8696a0bb-391a-483c-9c7c-2bb52416aab0","SCBI_014.20240508.IXOSCA.N","pathogen of"
"7ed03368-c76d-4925-9ddc-fd53f33c3832","SCBI_014.20240508.HAELON.N","pathogen of"
"35537f32-1be2-46e1-ad53-b773ab29663c","SCBI_014.20240508.HAELON.N","pathogen of"
"e83b963f-ffe9-4ef1-8912-1580e6e46f46","SCBI_014.20240508.HAELON.N","pathogen of"
"fef0efe7-6b62-4511-bbc9-aaee3d32d478","SCBI_014.20240508.IXOSCA.N","pathogen of"
"816affbc-d98f-43fd-b505-45d8fdf4cd47","SCBI_014.20240508.HAELON.N","pathogen of"
"57696aa8-7fc4-442e-af67-99069029655d","SCBI_014.20240508.HAELON.N","pathogen of"
"bb0e6306-1b27-4629-97b2-6380753fac34","SCBI_014.20240508.HAELON.N","pathogen of"
"e23f3e7a-228a-402d-857f-6457304245e0","SCBI_014.20240508.IXOSCA.N","pathogen of"
"d557943c-d977-4c94-87ae-4e8e5082b4f6","SCBI_014.20240508.HAELON.N","pathogen of"
"2c92c617-5a6b-4eb3-809e-aecb3b440131","SCBI_014.20240508.IXOSCA.N","pathogen of"
"aaa8dae0-a306-49de-8942-7692841ccf08","SCBI_014.20240508.IXOSCA.N","pathogen of"
"fc3d4162-1ddb-41a7-a8c4-8187eb3afb2c","SCBI_014.20240508.IXOSCA.N","pathogen of"
"d4d0eb69-76d7-465d-b586-2ce334214e41","SCBI_014.20240508.IXOSCA.N","pathogen of"
"41f5e864-55cd-4c72-958f-724dd40ef795","SCBI_014.20240508.IXOSCA.N","pathogen of"
"c162c836-75fc-4566-9cf3-04acd6cc5214","SCBI_014.20240508.IXOSCA.N","pathogen of"
"ef306c43-6b31-4ec9-84f0-5fdcde504b38","SCBI_014.20240508.HAELON.N","pathogen of"
"37de5451-1105-43fa-802e-6b6a0844eb97","SCBI_014.20240508.HAELON.N","pathogen of"
"a51675c3-347a-4d25-a267-809ec83f083d","SCBI_014.20240508.IXOSCA.N","pathogen of"
"fd68c7e8-988e-4b70-ad9b-e7e63ebfbe25","SCBI_014.20240508.IXOSCA.N","pathogen of"
"c8ebb6fe-dcad-40ac-82a2-34f89e58333e","SCBI_014.20240508.IXOSCA.N","pathogen of"
"041f0aa2-a703-4c6f-8001-f3f1892ec703","SCBI_014.20240508.IXOSCA.N","pathogen of"
"81e58e92-ffba-424b-974a-e72390015fdc","SCBI_014.20240508.IXOSCA.N","pathogen of"
"1366ae0b-6160-4497-a060-3478169a831c","SCBI_014.20240508.IXOSCA.N","pathogen of"
"04552884-d5a7-4a52-a2d5-5303752db7cb","SCBI_014.20240508.IXOSCA.N","pathogen of"
"3407d3c2-dbdd-4681-914f-a7e03f17b59f","SCBI_014.20240508.IXOSCA.N","pathogen of"
"638185b4-92f5-44c3-bd8c-8aef5f5a376c","SCBI_014.20240508.IXOSCA.N","pathogen of"
"481169a5-4eda-420a-b956-4554728cc453","SCBI_014.20240508.HAELON.N","pathogen of"
"03ff6be0-29a8-470f-a51c-8bc43e181a9b","SCBI_014.20240508.IXOSCA.N","pathogen of"
"a19164f4-a6cb-4139-af9d-bad60077817c","SCBI_014.20240508.HAELON.N","pathogen of"
"872c234a-00ba-49e8-9419-11ac9996dacb","SCBI_014.20240508.IXOSCA.N","pathogen of"
"19fe9724-a4a0-43c6-89b2-01d4e395fca7","SCBI_014.20240508.HAELON.N","pathogen of"
"f58e4ed6-9150-4c50-866a-c442ef8b95b9","SCBI_014.20240508.IXOSCA.N","pathogen of"
"7cff282c-c131-449f-ab29-6b1523de5bce","SCBI_014.20240508.IXOSCA.N","pathogen of"
"a79a7a63-2d9d-4ecd-b35d-ea0bf2dfbb7a","SCBI_014.20240508.IXOSCA.N","pathogen of"
"c7814c0d-6ca2-4edb-9fe1-5422579ea571","SCBI_014.20240508.IXOSCA.N","pathogen of"
"1a4200f1-785b-4bca-ab91-1d4f90b28b5b","SCBI_014.20240508.IXOSCA.N","pathogen of"
"2b522367-1b3d-4235-8282-1f7a61397f03","SCBI_014.20240508.IXOSCA.N","pathogen of"
"04149dbb-fc6d-40ad-86e1-b25e766cd0ad","SCBI_014.20240508.IXOSCA.N","pathogen of"
"d122745d-5530-41d6-b9f3-97ea83240e9f","SCBI_014.20240508.HAELON.N","pathogen of"
"ee2c4a00-e1a3-48a5-968f-83f72268f8c8","SCBI_014.20240508.HAELON.N","pathogen of"
"a400b772-5f4e-44e0-b90e-3524b86fd729","SCBI_014.20240508.IXOSCA.N","pathogen of"
"7990afab-6838-4cf6-9c0c-5fc6bfd38621","SCBI_014.20240508.HAELON.N","pathogen of"
"5ce3f9ec-8cb4-4316-848a-7cf42e4a7653","SCBI_014.20240508.HAELON.N","pathogen of"
"4a566f06-d33f-426d-ac93-226789b02384","SCBI_014.20240508.HAELON.N","pathogen of"
"e0bd312b-7a8e-47c8-83d6-10edf35cbb03","SCBI_014.20240508.HAELON.N","pathogen of"
"7150ac9e-082a-4bd8-92f4-be611c2056e7","SCBI_014.20240508.IXOSCA.N","pathogen of"
"fa767f1c-7154-47b6-b34f-87a4fa551edb","SCBI_014.20240508.IXOSCA.N","pathogen of"
"e2e920b7-b32c-44f6-811b-1f235c99d61a","SCBI_014.20240508.IXOSCA.N","pathogen of"
"4342eeeb-8ff3-404a-a0ea-20a638885853","SCBI_014.20240508.HAELON.N","pathogen of"
"734b66be-ce6c-4bd5-b177-8549d200fc25","SCBI_014.20240508.IXOSCA.N","pathogen of"
"f643dbbf-2015-43fb-85df-0012cddf99d7","SCBI_014.20240508.HAELON.N","pathogen of"
"cb21c6e2-976d-425e-871f-007ca835fe25","SCBI_014.20240508.HAELON.N","pathogen of"
"32aa20b5-73ec-4e12-a143-2b91a44f95b7","SCBI_014.20240508.IXOSCA.N","pathogen of"
"3becc736-c06a-466e-926c-175fc7b408fb","SCBI_014.20240508.IXOSCA.N","pathogen of"
"6663ae71-d55e-4461-8e4d-850424aac606","SCBI_014.20240508.IXOSCA.N","pathogen of"
"c42c27ac-9e11-4b91-87cc-5100ea7ed42d","SCBI_014.20240508.HAELON.N","pathogen of"
"165e430a-b2d6-470c-9c2a-d26842ec01ff","SCBI_014.20240508.IXOSCA.N","pathogen of"
"7b0a4cfe-edda-456f-b0cd-d15eada3508f","SCBI_014.20240508.IXOSCA.N","pathogen of"
"bc32d825-e16b-47e2-803d-7977df42aad2","SCBI_014.20240508.HAELON.N","pathogen of"
"a610389d-e72e-4a21-8bde-51ee52ee5099","SCBI_014.20240508.IXOSCA.N","pathogen of"
"75f11100-70e1-49f6-b043-25d555406752","SCBI_014.20240508.IXOSCA.N","pathogen of"
"b37c78a2-a742-4660-b84b-a9d84711daed","SCBI_014.20240508.IXOSCA.N","pathogen of"
"e0c42128-35c4-4b63-a552-8104e5a7d02b","SCBI_014.20240508.HAELON.N","pathogen of"
"5f53bf30-7979-4d6a-b0bf-db283f50279c","SCBI_014.20240508.IXOSCA.N","pathogen of"
"25db2804-fc42-44ef-9cb8-b80ae9790789","SCBI_014.20240508.IXOSCA.N","pathogen of"
"94baf07d-6d0a-46c8-a428-e7ae0103132c","SCBI_014.20240508.IXOSCA.N","pathogen of"
"affad841-3b32-405c-b274-6f11ef02db11","SCBI_014.20240508.IXOSCA.N","pathogen of"
"cee5f6c3-493b-4a8a-ba11-b35b053e8b9d","SCBI_014.20240528.IXOSCA.N","pathogen of"
"130ba74e-3a79-4481-aad1-dda62be9fd96","SCBI_014.20240528.IXOSCA.N","pathogen of"
"6938652c-b796-42d1-83c3-be14a2798403","SCBI_014.20240528.IXOSCA.N","pathogen of"
"fa3d8230-dba8-4629-b0c6-bd76eea40274","SCBI_014.20240528.IXOSCA.N","pathogen of"
"21c009c9-e88c-4483-84f0-e601bf8241f9","SCBI_014.20240528.IXOSCA.N","pathogen of"
"ba27bbc6-16ef-4b7e-8112-63dae3bde82d","SCBI_014.20240528.HAELON.N","pathogen of"
"c515462a-1285-40a4-8c2b-655fc3779d9d","SCBI_014.20240528.IXOSCA.N","pathogen of"
"79317134-c079-45c9-82a0-6c35afc43703","SCBI_014.20240528.HAELON.N","pathogen of"
"145bc60d-fb62-4e6c-95e1-54a1ba5b7a98","SCBI_014.20240528.IXOSCA.N","pathogen of"
"385360f4-0b3f-40ef-9b90-303959287b5e","SCBI_014.20240528.IXOSCA.N","pathogen of"
"d77f5dd9-0484-45c0-931e-ea53b77a7877","SCBI_014.20240528.IXOSCA.N","pathogen of"
"6afd880c-6156-447c-9e17-847a3f42a5f5","SCBI_014.20240528.IXOSCA.N","pathogen of"
"86fc28dc-0d3d-479e-be14-6b5d45eae43a","SCBI_014.20240528.HAELON.N","pathogen of"
"4f542fa7-0965-4252-a3ea-aee7655e31eb","SCBI_014.20240528.AMBAME.N","pathogen of"
"bfb7f8a4-1e1a-4288-9f39-4fb5e79071fd","SCBI_014.20240528.IXOSCA.N","pathogen of"
"d512a704-0215-4776-ae25-65fad99b1f09","SCBI_014.20240528.AMBAME.N","pathogen of"
"ddd8692a-3de1-4740-9051-9f1eb5105037","SCBI_014.20240528.IXOSCA.N","pathogen of"
"bf44337a-71ca-4033-9000-4c48c1e432e9","SCBI_014.20240528.IXOSCA.N","pathogen of"
"a01a4b96-dfa5-4169-90e5-8793d024d3a3","SCBI_014.20240528.IXOSCA.N","pathogen of"
"50085ca5-ca78-4f8a-a283-1bfd94429dca","SCBI_014.20240528.IXOSCA.N","pathogen of"
"cd21956b-cf38-44dd-af2e-2f3f8c119da5","SCBI_014.20240528.AMBAME.N","pathogen of"
"b3b107ee-cb58-468d-bbdb-a88eeb2bfe28","SCBI_014.20240528.IXOSCA.N","pathogen of"
"085d8ee7-938f-42bb-859b-a640fb955fd8","SCBI_014.20240528.HAELON.N","pathogen of"
"216e8a14-7095-4cd9-9f1c-886416879141","SCBI_014.20240528.HAELON.N","pathogen of"
"0ad1f3db-f912-44d8-8424-a184037ff34f","SCBI_014.20240528.IXOSCA.N","pathogen of"
"84a1c298-cdb6-47c0-8e24-43c115a51da3","SCBI_014.20240528.HAELON.N","pathogen of"
"2874ac0e-665b-40db-aed6-9e5d51ae5bf1","SCBI_014.20240528.AMBAME.N","pathogen of"
"7b80d1df-d8a6-4029-9e61-9ba9da6fc194","SCBI_014.20240528.IXOSCA.N","pathogen of"
"69db2523-87ef-44d6-81dd-352a11476d51","SCBI_014.20240528.IXOSCA.N","pathogen of"
"dadec146-d989-4438-8b73-688504a47ba3","SCBI_014.20240528.HAELON.N","pathogen of"
"98dab7e0-8ced-470f-adfc-af7f55d5399e","SCBI_014.20240528.IXOSCA.N","pathogen of"
"46b44b84-0e77-432f-83ec-71c6ce03439f","SCBI_014.20240528.IXOSCA.N","pathogen of"
"2c6b82af-00c0-4b83-a800-604a200718b8","SCBI_014.20240528.AMBAME.N","pathogen of"
"323d8f92-f034-4e88-be23-20632e2535b2","SCBI_014.20240528.IXOSCA.N","pathogen of"
"c8ffdf2f-f16c-45d1-9faa-7738ad929f80","SCBI_014.20240528.AMBAME.N","pathogen of"
"b495497e-ba81-4097-a31c-24566a7441ef","SCBI_014.20240528.IXOSCA.N","pathogen of"
"df741829-5f26-40d9-8388-5dfaecb38ebb","SCBI_014.20240528.AMBAME.N","pathogen of"
"e3192240-2ebd-4af8-b57c-f4026657201e","SCBI_014.20240528.IXOSCA.N","pathogen of"
"31b400a3-b414-4d6e-9ce2-c68711bcd21e","SCBI_014.20240528.HAELON.N","pathogen of"
"266d9ae3-6514-4c05-913f-83b730a203cb","SCBI_014.20240528.IXOSCA.N","pathogen of"
"e869f0ed-8dcd-41c2-9a21-401ea66f2f21","SCBI_014.20240528.IXOSCA.N","pathogen of"
"60ef11d8-d063-4ea3-8f5a-f979170af643","SCBI_014.20240528.IXOSCA.N","pathogen of"
"84eaf064-c104-4277-8d4e-8aaa6061a248","SCBI_014.20240528.IXOSCA.N","pathogen of"
"093dce48-18a3-4019-9a7e-0414fb2391d9","SCBI_014.20240528.IXOSCA.N","pathogen of"
"cbd43f35-4acf-443f-901c-c734a47e05db","SCBI_014.20240528.IXOSCA.N","pathogen of"
"1f3ebcba-357c-4a3a-b6f7-e362bb9e8060","SCBI_014.20240528.IXOSCA.N","pathogen of"
"57e5ce93-26c7-46dd-ba7f-a3fde5dcdd6f","SCBI_014.20240528.HAELON.N","pathogen of"
"7a448e50-4e97-4d8b-ab53-5823374e6552","SCBI_014.20240528.IXOSCA.N","pathogen of"
"a1fa1909-b27d-4b86-8e65-53af6a438dbb","SCBI_014.20240528.IXOSCA.N","pathogen of"
"590b93be-cb92-4613-b1de-7918b54ddfce","SCBI_014.20240528.IXOSCA.N","pathogen of"
"4f8c3104-e3d4-4939-9f32-cf2ea466a134","SCBI_014.20240528.AMBAME.N","pathogen of"
"bb5001c6-bb38-462f-aa2b-455d4b237123","SCBI_014.20240528.IXOSCA.N","pathogen of"
"832cae63-1327-4422-98f7-521de6f000c8","SCBI_014.20240528.IXOSCA.N","pathogen of"
"8081b39a-d7c7-44d1-ab1d-d53242a10a78","SCBI_014.20240528.IXOSCA.N","pathogen of"
"e7eaaf25-4488-4af7-b921-8da3b2e9fa0d","SCBI_014.20240528.IXOSCA.N","pathogen of"
"8c3f2a9e-a314-493f-a57d-72eac2e10819","SCBI_014.20240528.IXOSCA.N","pathogen of"
"7574d155-cf1b-4fca-8cb9-98ac962e5c67","SCBI_014.20240528.IXOSCA.N","pathogen of"
"7b055245-6255-4422-8da8-ac0003258840","SCBI_014.20240528.HAELON.N","pathogen of"
"19b84a8a-2a61-4333-93ba-7820f05bbbb2","SCBI_014.20240528.IXOSCA.N","pathogen of"
"52737eb7-0f2a-4d27-920c-070b405d31db","SCBI_014.20240528.IXOSCA.N","pathogen of"
"749d8014-725d-4b70-8839-95988af0b26c","SCBI_014.20240528.IXOSCA.N","pathogen of"
"5cb32d81-e2ca-4cda-98ff-290a649c3dbb","SCBI_014.20240528.AMBAME.N","pathogen of"
"58120eb3-52e2-4637-9194-d274689616c1","SCBI_014.20240528.IXOSCA.N","pathogen of"
"40dca972-ac10-43d4-9e2a-2d4a457fea60","SCBI_014.20240528.IXOSCA.N","pathogen of"
"ce8bade6-2db8-4305-b5a1-48b64554fad3","SCBI_014.20240528.IXOSCA.N","pathogen of"
"6996555f-3b30-41b8-8c2c-a654801b5766","SCBI_014.20240528.IXOSCA.N","pathogen of"
"3128fba8-4c1a-4de6-a1e5-cdc8e23904c6","SCBI_014.20240528.IXOSCA.N","pathogen of"
"2ec63318-c7dc-4573-9a4f-7378aa97d804","SCBI_014.20240528.IXOSCA.N","pathogen of"
"b8955628-4b23-4123-a4a0-49d6fe71d502","SCBI_014.20240528.IXOSCA.N","pathogen of"
"47df4333-f007-4284-bdaa-95be16e42171","SCBI_014.20240528.IXOSCA.N","pathogen of"
"6381fb3b-d642-493e-8547-e9d98441cda6","SCBI_014.20240528.HAELON.N","pathogen of"
"b784368c-4ae3-4dff-a45a-8109d9bcfe1d","SCBI_014.20240528.IXOSCA.N","pathogen of"
"2718a9b2-731c-41fd-98e4-c2dd88861b37","SCBI_014.20240528.HAELON.N","pathogen of"
"9d45a7d2-71ef-49ff-8ad8-adeed5ee866f","SCBI_014.20240528.HAELON.N","pathogen of"
"a87c1262-c13d-40cc-95af-5b132cf58eab","SCBI_014.20240528.IXOSCA.N","pathogen of"
"383fb0b9-03b9-4128-9715-29c37b880049","SCBI_014.20240528.IXOSCA.N","pathogen of"
"da0aab25-651f-48ea-a6a3-d7e85dea7dec","SCBI_014.20240528.IXOSCA.N","pathogen of"
"9199a623-6aa0-4e98-b7fb-3c7a663029b4","SCBI_014.20240528.IXOSCA.N","pathogen of"
"8994fe60-03c6-493b-afee-df9578ee05ee","SCBI_014.20240528.HAELON.N","pathogen of"
"a218e847-c9fc-48b6-a79e-6f062986d07c","SCBI_014.20240617.IXOSCA.N","pathogen of"
"be27d016-e19f-4e9f-90d1-08d074fad198","SCBI_014.20240617.IXOSCA.N","pathogen of"
"e643e4d3-dbb3-4669-9549-ebc4a51153df","SCBI_014.20240617.IXOSCA.N","pathogen of"
"9aee7338-6d32-4255-ab8f-612097a8e312","SCBI_014.20240617.IXOSCA.N","pathogen of"
"d40ea703-a0f9-485d-9b7d-2daff66d8b62","SCBI_014.20240617.IXOSCA.N","pathogen of"
"c7a80091-1bf4-4e6f-9eb7-1725a9a4cff6","SCBI_014.20240617.IXOSCA.N","pathogen of"
"28dc71dc-7cf7-4015-8ae1-13c27a6fe2c0","SCBI_014.20240617.IXOSCA.N","pathogen of"
"9b35bb58-0e17-410f-a144-015832b23f40","SCBI_014.20240617.IXOSCA.N","pathogen of"
"d96f3068-8471-45cc-b244-b1fa81048007","SCBI_014.20240617.IXOSCA.N","pathogen of"
"7aa889f9-f645-4bcd-9775-707a1c84d324","SCBI_014.20240617.IXOSCA.N","pathogen of"
"4ff7557b-2311-4ae3-aaaa-ba26685fac5a","SCBI_014.20240617.IXOSCA.N","pathogen of"
"54fa3c07-0774-4fc9-8441-9e2f77ac44f8","SCBI_014.20240617.IXOSCA.N","pathogen of"
"a6607097-903c-4d52-b9d6-426424e29a95","SCBI_014.20240617.IXOSCA.N","pathogen of"
"d197c4c0-26fc-4762-a763-20b87d43feb8","SCBI_014.20240617.IXOSCA.N","pathogen of"
"4615ec16-7401-4e9a-a0b2-672de9b1b0ba","SCBI_014.20240729.IXOSCA.N","pathogen of"
"80c56509-bfc6-46f4-938c-af0c20a0f2c0","SCBI_014.20240729.IXOSCA.N","pathogen of"
"241d1ca0-ee45-4cd1-9834-16cb00d45d24","SCBI_014.20240729.IXOSCA.N","pathogen of"
"317f6a5b-8d42-4aab-876f-221b32f3299d","SCBI_014.20240729.IXOSCA.N","pathogen of"
"fb8dadc4-8a30-4474-aa1a-23b52de33e7a","SCBI_014.20240729.IXOSCA.N","pathogen of"
"81f56d49-50c2-4500-9776-d7808c57e362","SCBI_014.20240729.IXOSCA.N","pathogen of"
"8fe585f7-9b9d-4bd2-ba8b-2e3ccf295108","SCBI_014.20240729.IXOSCA.N","pathogen of"
"355663a2-9b4d-47b0-8c19-f331f5cb5317","SCBI_014.20240729.IXOSCA.N","pathogen of"
"31053e91-d3b0-483f-8b6c-937898594266","SCBI_014.20240729.IXOSCA.N","pathogen of"
"479fc84b-5b75-4d29-a387-a80efc9663b7","SCBI_014.20240729.IXOSCA.N","pathogen of"
"ae43de67-4702-4825-aa6b-68ef0571e1ab","SCBI_014.20240729.IXOSCA.N","pathogen of"
"27b4da2a-618b-41c9-a235-16495d363faf","SCBI_014.20240729.IXOSCA.N","pathogen of"
"48a98bd0-dfc1-4fc3-95c2-1ce52d74a44f","SCBI_014.20240729.IXOSCA.N","pathogen of"
"76c1c1f0-3f9b-46c6-81ad-aaf9c678d3e2","SCBI_014.20240729.IXOSCA.N","pathogen of"
